url,section,page_type,crawl_status,is_dead,dead_inbound_pages,clicks_from_home_all_links,clicks_from_home_body_links,inbound_links,has_title,title_duplicated,has_meta_description,meta_duplicated,h1_count,canonical_self,structured_data_types,has_structured_data,js_dependent,raw_text_share,redirect_hops,carries_lead_tags,leads_allocated
https://about.ups.com/us/en/our-stories/customer-first/lighting-up-our-u-s--network-end-to-end-with-rfid.html,our-stories,content,ok,0,,3,3,62,1,0,1,0,1,1,,0,0,0.53,0,yes,0.2
https://www.ups.com/us/en/supplychain/logistics-solutions,supplychain,product/service,ok,0,,2,4,174,1,0,1,0,1,1,Answer|FAQPage|Question,1,0,0.52,0,,
https://www.ups.com/us/en/customized-shipping-logistic-services/manufacturing-logistics-services/business-benefits-of-inventory-optimization,customized-shipping-logistic-services,product/service,ok,0,,3,4,14,1,0,1,0,1,1,,0,1,0.49,0,,
https://www.ups.com/us/en/customized-shipping-logistic-services/retail-store-shipping-logistic-solutions/win-customer-loyalty-with-omnichannel-retail-strategies,customized-shipping-logistic-services,tool,ok,0,,3,4,8,1,0,1,0,1,1,,0,1,0.44,0,yes,1.0
https://www.ups.com/us/en/customized-shipping-logistic-services/retail-store-shipping-logistic-solutions/mastering-your-omnichannel-strategy-for-retail-growth,customized-shipping-logistic-services,tool,ok,0,,3,4,10,1,0,1,0,1,1,,0,0,0.53,0,yes,1.0
https://about.ups.com/us/en/newsroom.html,newsroom,content,ok,0,,2,,606,1,0,1,0,1,1,,0,1,0.43,1,,
https://about.ups.com/us/en/our-company.html,our-company,other,ok,0,,2,3,606,1,0,1,0,1,1,,0,1,0.49,1,,
https://about.ups.com/us/en/our-impact.html,our-impact,other,ok,0,,2,3,607,1,0,1,0,1,1,,0,1,0.48,1,,
https://about.ups.com/us/en/our-stories.html,our-stories,content,ok,0,,2,5,440,1,0,1,1,1,1,,0,1,0.19,1,,
https://about.ups.com/us/en/thank-a-ups-hero.html,thank-a-ups-hero,other,ok,0,,2,8,439,1,0,1,0,0,1,,0,0,0.55,1,,
https://about.ups.com/us/en/home.html,home,other,ok,0,,1,2,869,1,0,1,0,1,1,,0,1,0.44,0,,
https://about.ups.com/us/en/newsroom/awards-and-recognition.html,newsroom,content,ok,0,,2,4,439,1,0,1,0,1,1,,0,0,0.91,0,,
https://about.ups.com/us/en/newsroom/press-releases.html,newsroom,content,ok,0,,2,,439,1,0,1,0,1,1,,0,1,0.16,0,,
https://about.ups.com/us/en/newsroom/press-releases/customer-first/ups-s-rfid-sensingtechnologytransformslogisticsindustry-givingcu.html,newsroom,content,ok,0,,3,4,23,1,0,1,0,1,1,,0,0,0.63,0,,
https://about.ups.com/us/en/newsroom/statements.html,newsroom,content,ok,0,,2,2,439,1,0,1,0,1,1,,0,1,0.29,0,,
https://about.ups.com/us/en/our-company/global-presence.html,our-company,other,ok,0,,2,3,439,1,0,1,0,1,1,,0,1,0.37,0,,
https://about.ups.com/us/en/our-company/great-employer.html,our-company,other,ok,0,,2,4,439,1,0,1,0,1,1,,0,1,0.41,0,,
https://about.ups.com/us/en/our-company/leadership.html,our-company,corporate,ok,0,,2,4,439,1,0,1,0,1,1,,0,0,0.7,0,,
https://about.ups.com/us/en/our-company/leadership/matt-guffey.html,our-company,corporate,ok,0,,3,4,3,1,0,1,0,1,1,,0,0,0.52,0,,
https://about.ups.com/us/en/our-company/our-culture.html,our-company,other,ok,0,,2,5,439,1,0,1,0,1,1,,0,0,0.55,0,,
https://about.ups.com/us/en/our-company/our-history.html,our-company,content,ok,0,,2,4,439,1,0,1,0,1,1,,0,0,0.63,0,,
https://about.ups.com/us/en/our-company/our-strategy.html,our-company,tool,ok,0,,2,4,439,1,1,1,0,1,1,,0,1,0.39,0,,
https://about.ups.com/us/en/our-company/suppliers.html,our-company,other,ok,0,,2,,439,1,0,1,1,1,1,,0,1,0.48,0,,
https://about.ups.com/us/en/our-impact/community.html,our-impact,other,ok,0,,2,4,440,1,1,1,1,1,1,,0,1,0.32,0,,
https://about.ups.com/us/en/our-impact/reporting.html,our-impact,content,ok,0,,2,4,440,1,0,1,0,1,1,,0,1,0.47,0,,
https://about.ups.com/us/en/our-impact/sustainability.html,our-impact,corporate,ok,0,,2,3,445,1,0,1,0,1,1,,0,1,0.35,0,,
https://about.ups.com/us/en/our-stories/customer-first.html,our-stories,content,ok,0,,2,3,439,1,1,1,0,1,1,,0,1,0.18,0,,
https://about.ups.com/us/en/our-stories/customer-first/3-ways-ups-is-making-shipping-easier-than-ever-for-small-busines.html,our-stories,content,ok,0,,3,3,62,1,0,1,0,1,1,,0,1,0.47,0,,
https://about.ups.com/us/en/our-stories/customer-first/5-key-takeaways-from-ups-s-2026-impact-summit.html,our-stories,content,ok,0,,3,3,63,1,0,1,0,1,1,,0,0,0.51,0,,
https://about.ups.com/us/en/our-stories/customer-first/5-things-you-didn-t-know-the-ups-store-could-do-for-your-small-b.html,our-stories,content,ok,0,,3,4,4,1,0,1,0,1,1,,0,1,0.44,0,,
https://about.ups.com/us/en/our-stories/customer-first/happy-returns-co-founder-and-ceo-david-sobie-talks-expansion-of-.html,our-stories,content,ok,0,,3,3,63,1,0,1,0,1,1,,0,0,0.52,0,yes,0.2
https://about.ups.com/us/en/our-stories/customer-first/how-ups-helped-evertrust-parts-drive-94--revenue-growth-in-six-m.html,our-stories,support,ok,0,,2,3,64,1,0,1,0,1,1,,0,1,0.48,0,,
https://about.ups.com/us/en/our-stories/customer-first/how-ups-helps-small-businesses-protect-sales-and-spot-risk-befor.html,our-stories,support,ok,0,,3,3,62,1,0,1,0,1,1,,0,1,0.49,0,,
https://about.ups.com/us/en/our-stories/customer-first/how-ups-is-making-international-supply-chains-more-resilient-and0.html,our-stories,content,ok,0,,3,3,63,1,0,1,0,1,1,,0,1,0.48,0,,
https://about.ups.com/us/en/our-stories/customer-first/how-ups-shipping-solutions-support-quooker-s-growth-and-customer.html,our-stories,support,ok,0,,3,3,62,1,0,1,0,1,1,,0,1,0.45,0,yes,0.2
https://about.ups.com/us/en/our-stories/customer-first/small-businesses-grow-beyond-borders-with-ups-.html,our-stories,content,ok,0,,2,3,64,1,0,1,0,1,1,,0,1,0.43,0,yes,0.2
https://about.ups.com/us/en/our-stories/customer-first/the-ups-store-helps-soccer-fans-ship-their-new-obsession-home.html,our-stories,support,ok,0,,3,4,15,1,0,1,0,1,1,,0,1,0.38,0,,
https://about.ups.com/us/en/our-stories/customer-first/ups-and-third-party-platform-rollo-make-warm-weather-shipping-ea.html,our-stories,content,ok,0,,3,3,63,1,0,1,0,1,1,,0,1,0.46,0,,
https://about.ups.com/us/en/our-stories/customer-first/ups-experts-break-down-new-tools-for-small-business-shippers.html,our-stories,tool,ok,0,,3,3,63,1,0,1,0,1,1,,0,0,0.54,0,,
https://about.ups.com/us/en/our-stories/customer-first/ups-is-the-first-major-logistics-provider-to-broadly-roll-out-rf.html,our-stories,content,ok,0,,3,3,5,1,0,1,0,1,1,VideoList|VideoObject,1,1,0.33,0,,
https://about.ups.com/us/en/our-stories/customer-first/ups-x-fanatics-title-run-series.html,our-stories,content,ok,0,,3,3,62,1,0,1,0,1,1,,0,1,0.5,0,,
https://about.ups.com/us/en/our-stories/innovation-driven.html,our-stories,content,ok,0,,2,4,439,1,1,1,0,1,1,,0,1,0.22,0,,
https://about.ups.com/us/en/our-stories/innovation-driven/ups-takes-center-stage-at-google-cloud-next--24-and-rfid-journal.html,our-stories,content,ok,0,,3,4,27,1,0,1,0,1,1,,0,1,0.48,0,,
https://about.ups.com/us/en/our-stories/people-led.html,our-stories,content,ok,0,,2,3,439,1,0,1,0,1,1,,0,1,0.19,0,,
https://solutions.ups.com/virtual-consultation-discount-ussp-page.html,virtual-consultation-discount-ussp-page,other,robots,0,,3,3,19,0,0,0,0,0,0,,0,0,0.0,0,,
https://www.ups.com/us/en/home,(home),home,ok,0,,0,0,1007,1,1,1,1,0,1,,0,0,0.96,0,yes,17.0
https://www.ups.com/us/en/support/contact-us,support,support,ok,0,,1,2,699,1,0,1,0,1,1,Answer|FAQPage|Question,1,0,0.77,0,,
https://www.ups.com/us/en/support/shipping-support/legal-terms-conditions,support,support,ok,0,,1,4,1006,1,0,1,0,1,1,,0,1,0.15,0,,
https://www.ups.com/us/en/support/shipping-support/legal-terms-conditions/california-privacy-rights,support,support,ok,0,,1,,1006,1,0,1,0,1,1,,0,0,0.63,0,,
https://www.ups.com/us/en/support/shipping-support/legal-terms-conditions/fight-fraud,support,support,ok,0,,1,2,840,1,0,1,0,1,1,,0,0,0.59,0,,
https://www.ups.com/us/en/support/shipping-support/legal-terms-conditions/privacy-notice,support,support,ok,0,,1,2,1006,1,0,1,0,1,1,,0,0,0.8,0,,
https://www.ups.com/us/en/support/shipping-support/legal-terms-conditions/website-terms-of-use,support,support,ok,0,,1,5,839,1,0,1,0,1,1,,0,0,0.69,0,,
https://www.ups.com/us/en/healthcare/home,healthcare,other,ok,0,,2,3,327,1,0,1,0,1,1,,0,0,0.79,0,,
https://www.ups.com/us/en/supplychain/about/about-scs,supplychain,corporate,ok,0,,3,4,166,1,0,1,0,1,1,,0,1,0.32,0,,
https://www.ups.com/us/en/supplychain/about/contact-us,supplychain,support,ok,0,,2,3,168,1,0,1,0,1,1,,0,0,1.25,0,,
https://www.ups.com/us/en/supplychain/about/customer-stories,supplychain,content,ok,0,,3,6,166,1,0,1,0,1,1,,0,1,0.32,0,,
https://www.ups.com/us/en/supplychain/about/freight-terms-of-service,supplychain,corporate,ok,0,,2,5,167,1,0,1,0,1,1,,0,1,0.14,0,,
https://www.ups.com/us/en/supplychain/about/industry-expertise,supplychain,corporate,ok,0,,3,4,166,1,0,1,0,1,1,,0,1,0.32,0,,
https://www.ups.com/us/en/supplychain/freight,supplychain,product/service,ok,0,,2,3,173,1,0,1,0,1,1,Answer|FAQPage|Question,1,0,0.66,0,,
https://www.ups.com/us/en/supplychain/freight/air-freight,supplychain,product/service,ok,0,,3,3,167,1,0,1,0,1,1,,0,0,0.64,0,,
https://www.ups.com/us/en/supplychain/freight/consolidated-freight,supplychain,product/service,ok,0,,3,3,169,1,0,1,0,1,1,,0,1,0.46,0,,
https://www.ups.com/us/en/supplychain/freight/ground,supplychain,product/service,ok,0,,3,4,167,1,0,1,0,1,1,,0,1,0.33,0,,
https://www.ups.com/us/en/supplychain/freight/multimodal,supplychain,product/service,ok,0,,3,4,166,1,0,1,0,1,1,,0,1,0.4,0,,
https://www.ups.com/us/en/supplychain/freight/ocean,supplychain,product/service,ok,0,,3,4,166,1,0,1,0,1,1,,0,0,0.54,0,,
https://www.ups.com/us/en/supplychain/freight/urgent-services,supplychain,product/service,ok,0,,2,3,169,1,0,1,0,1,1,Answer|FAQPage|Question,1,0,0.52,0,,
https://www.ups.com/us/en/supplychain/tools/documents,supplychain,tool,ok,0,,3,4,166,1,0,1,0,1,1,,0,1,0.29,0,,
https://www.ups.com/us/en/supplychain/home,supplychain,other,ok,0,,2,3,174,1,1,1,1,2,1,,0,0,0.58,0,,
https://www.ups.com/us/en/supplychain/logistics-solutions/cargo-insurance,supplychain,product/service,ok,0,,3,4,166,1,0,1,0,1,1,,0,1,0.34,0,,
https://www.ups.com/us/en/supplychain/logistics-solutions/customs-brokerage,supplychain,product/service,ok,0,,2,2,170,1,0,1,0,1,1,Answer|FAQPage|Question,1,0,0.5,0,,
https://www.ups.com/us/en/supplychain/logistics-solutions/customs-brokerage/us-customs-tariff-refunds,supplychain,product/service,ok,0,,3,3,166,1,0,1,0,1,1,Answer|FAQPage|Question,1,0,0.71,0,,
https://www.ups.com/us/en/supplychain/logistics-solutions/distribution,supplychain,product/service,ok,0,,3,3,168,1,0,1,0,1,1,,0,0,0.61,0,,
https://www.ups.com/us/en/supplychain/logistics-solutions/mail-innovations,supplychain,product/service,ok,0,,2,4,169,1,0,1,0,2,1,Answer|BreadcrumbList|FAQPage|Question,1,0,0.66,0,,
https://www.ups.com/us/en/supplychain/logistics-solutions/post-sales-logistics,supplychain,product/service,ok,0,,3,4,167,1,0,1,0,1,1,,0,0,0.89,0,,
https://www.ups.com/us/en/supplychain/logistics-solutions/post-sales-logistics/reverse-logistics,supplychain,product/service,ok,0,,3,4,168,1,0,1,0,1,0,,0,1,0.44,0,,
https://www.ups.com/us/en/supplychain/logistics-solutions/reality-of-logistics-outsourcing,supplychain,product/service,ok,0,,3,5,3,1,0,1,0,1,1,,0,0,1.09,0,,
https://www.ups.com/us/en/supplychain/logistics-solutions/specialized-solutions,supplychain,product/service,ok,0,,3,5,166,1,0,1,0,1,1,,0,1,0.47,0,,
https://www.ups.com/us/en/supplychain/logistics-solutions/supplier-management,supplychain,product/service,ok,0,,3,4,167,1,0,1,0,1,1,,0,1,0.36,0,,
https://www.ups.com/us/en/supplychain/logistics-solutions/supply-chain-technology,supplychain,product/service,ok,0,,3,4,8,1,0,1,0,1,1,,0,0,1.0,0,,
https://www.ups.com/us/en/supplychain/logistics-solutions/transportation-management,supplychain,product/service,ok,0,,3,4,169,1,0,1,0,1,1,,0,1,0.43,0,,
https://www.ups.com/us/en/supplychain/resources,supplychain,content,ok,0,,2,4,167,1,0,1,0,1,1,,0,1,0.34,0,,
https://www.ups.com/us/en/supplychain/resources/glossary-term,supplychain,content,ok,0,,3,5,166,1,0,1,0,1,1,,0,0,3.03,0,,
https://www.ups.com/us/en/supplychain/resources/guides-and-white-papers,supplychain,content,ok,0,,2,4,169,1,0,1,0,1,1,,0,1,0.35,0,,
https://www.ups.com/us/en/supplychain/resources/incoterms-2020,supplychain,content,ok,0,,3,4,166,1,0,1,0,1,1,Answer|FAQPage|Question,1,0,0.67,0,,
https://www.ups.com/us/en/supplychain/resources/news-and-market-updates,supplychain,content,ok,0,,2,3,167,1,0,1,0,1,1,,0,1,0.35,0,,
https://www.ups.com/us/en/supplychain/resources/news-and-market-updates/2025-us-tariffs-impact-global-trade,supplychain,content,ok,0,,2,2,23,1,0,1,0,1,1,Answer|FAQPage|Question,1,0,0.87,0,,
https://www.ups.com/us/en/supplychain/resources/podcast,supplychain,content,ok,0,,3,5,166,1,0,1,0,1,1,,0,1,0.39,0,,
https://www.ups.com/us/en/supplychain/resources/webinars,supplychain,content,ok,0,,3,4,166,1,0,1,0,1,1,,0,1,0.3,0,,
https://www.ups.com/us/en/supplychain/service-alerts,supplychain,product/service,ok,0,,3,,166,1,1,1,1,1,1,,0,1,0.2,0,,
https://www.ups.com/us/en/supplychain/service-alerts?alertId=alert-1,supplychain,product/service,ok,0,,3,,166,1,1,1,1,1,1,,0,1,0.2,0,,
https://www.ups.com/us/en/supplychain/service-alerts?alertId=alert-2,supplychain,product/service,ok,0,,3,,166,1,1,1,1,1,1,,0,1,0.2,0,,
https://www.ups.com/us/en/supplychain/tools,supplychain,tool,ok,0,,2,4,167,1,0,1,0,1,1,,0,1,0.37,0,,
https://www.ups.com/us/en/supplychain/tools/cargo-claims,supplychain,support,ok,0,,2,5,168,1,0,1,0,1,1,,0,1,0.27,0,,
https://www.ups.com/us/en/supplychain/tools/global-directory,supplychain,tool,ok,0,,2,4,167,1,0,1,0,1,1,,0,0,3.81,0,,
https://www.ups.com/us/en/supplychain/tools/innovation-technology,supplychain,tool,ok,0,,3,3,166,1,0,1,0,1,1,Answer|FAQPage|Question,1,1,0.38,0,,
https://www.ups.com/us/en/supplychain/tools/surcharges,supplychain,tool,ok,0,,3,3,167,1,0,1,0,1,1,,0,0,0.58,0,,
https://about.ups.com/us/en/our-stories/innovation-driven/5-ways-the-new-ups-velocity-facility-orchestrates-.html,our-stories,tool,ok,0,,3,5,9,1,0,1,0,1,1,VideoList|VideoObject,1,1,0.46,0,,
https://solutions.ups.com/virtual-consultation-us-en-v4.html,virtual-consultation-us-en-v4,win,robots,0,,2,2,71,0,0,0,0,0,0,,0,0,0.0,0,,
https://www.ups.com/us/en/business-solutions/business-shipping-tools,business-solutions,tool,ok,0,,1,4,261,1,0,1,0,1,1,,0,1,0.39,0,yes,3.9
https://www.ups.com/us/en/business-solutions/consulting-services,business-solutions,product/service,ok,0,,1,4,261,1,1,1,1,1,1,,0,1,0.29,0,,
https://www.ups.com/us/en/business-solutions/expand-your-online-business/manage-customer-orders,business-solutions,product/service,ok,0,,1,,258,1,0,1,0,1,1,,0,1,0.22,0,,
https://www.ups.com/us/en/business-solutions/grow-your-business-solutions/expand-internationally,business-solutions,product/service,ok,0,,1,2,258,1,1,1,1,1,1,,0,0,0.54,0,yes,1.0
https://www.ups.com/us/en/business-solutions/inbound-outbound-shipments,business-solutions,product/service,ok,0,,1,2,258,1,0,1,0,1,1,,0,1,0.32,0,,
https://www.ups.com/us/en/business-solutions/inbound-outbound-shipments/quantum-view,business-solutions,product/service,ok,0,,1,3,260,1,0,1,0,1,1,,0,1,0.26,0,,
https://www.ups.com/us/en/business-solutions/pickup-dropoff-options,business-solutions,product/service,ok,0,,1,1,258,1,0,1,0,1,1,,0,1,0.27,0,,
https://www.ups.com/us/en/business-solutions/simplify-returns,business-solutions,product/service,ok,0,,1,1,258,1,0,1,0,1,1,,0,1,0.11,0,,
https://www.ups.com/us/en/business-solutions/ups-billing,business-solutions,product/service,ok,0,,1,3,259,1,0,1,0,1,1,Answer|FAQPage|Question,1,0,0.77,0,,
https://www.ups.com/us/en/customized-shipping-logistic-services,customized-shipping-logistic-services,product/service,ok,0,,1,2,259,1,0,1,0,1,1,,0,1,0.27,0,yes,1.0
https://www.ups.com/us/en/customized-shipping-logistic-services/manufacturing-logistics-services,customized-shipping-logistic-services,product/service,ok,0,,2,3,16,1,0,1,0,1,1,,0,1,0.26,0,yes,21.0
https://www.ups.com/global,global,other,ok,0,,1,,258,1,0,1,0,1,1,ContactPoint|Corporation|Organization|PostalAddress,1,1,0.38,1,,
https://www.ups.com/us/en/service-alerts,service-alerts,product/service,ok,0,,1,,399,1,1,1,1,1,1,,0,1,0.18,0,,
https://www.ups.com/us/en/service-alerts?alertId=alert-1,service-alerts,product/service,ok,0,,1,,399,1,1,1,1,1,1,,0,1,0.18,0,,
https://www.ups.com/us/en/shipping/batch-file-shipping,shipping,product/service,ok,0,,1,4,258,1,0,1,0,1,1,,0,1,0.23,0,,
https://www.ups.com/us/en/shipping/how-to-ship-package,shipping,product/service,ok,0,,1,3,400,1,0,1,0,1,1,,0,1,0.45,0,,
https://www.ups.com/us/en/shipping/international-shipping,shipping,product/service,ok,0,,1,1,260,1,0,1,0,1,1,,0,1,0.4,0,yes,2.0
https://www.ups.com/us/en/shipping/international-shipping/tariffs,shipping,product/service,ok,0,,1,1,262,1,0,1,0,1,1,,0,0,0.58,0,,
https://www.ups.com/us/en/shipping/international-shipping/tariffs/tariff-refunds,shipping,product/service,ok,0,,1,2,258,1,1,1,1,1,1,,0,1,0.01,0,,
https://www.ups.com/us/en/shipping/order-supplies,shipping,product/service,ok,0,,1,1,258,1,0,1,0,1,1,Answer|FAQPage|Question,1,0,0.51,0,,
https://www.ups.com/us/en/support/file-a-claim,support,support,ok,0,,1,2,259,1,0,1,0,1,1,Answer|FAQPage|Question,1,0,0.59,0,,
https://www.ups.com/us/en/support/international-tools-resources/international-shipping-services,support,support,ok,0,,1,2,258,1,0,1,0,1,1,,0,1,0.26,0,,
https://www.ups.com/us/en/support/shipping-support,support,support,ok,0,,1,3,258,1,0,1,0,1,1,,0,1,0.28,0,,
https://www.ups.com/us/en/support/shipping-support/print-shipping-labels/how-to-write-address/how-to-return-a-package,support,support,ok,0,,1,3,259,1,0,1,0,1,1,,0,1,0.19,0,,
https://www.ups.com/us/en/support/shipping-support/shipping-services,support,support,ok,0,,1,2,260,1,0,1,0,1,1,,0,0,0.52,0,,
https://www.ups.com/us/en/support/shipping-support/shipping-services/ground-with-freight-pricing,support,support,ok,0,,2,2,13,1,0,1,0,1,1,,0,1,0.36,0,,
https://www.ups.com/us/en/support/shipping-support/view-void-shipments,support,support,ok,0,,1,4,258,1,0,1,0,1,1,,0,1,0.16,0,,
https://www.ups.com/us/en/support/shipping-tools,support,support,ok,0,,1,3,258,1,0,1,0,1,1,,0,1,0.32,0,,
https://www.ups.com/us/en/support/tracking-support,support,support,ok,0,,1,1,258,1,0,1,0,1,1,Answer|FAQPage|Question,1,0,0.55,0,,
https://www.ups.com/us/en/support/tracking-support/where-is-my-package,support,support,ok,0,,1,2,258,1,0,1,0,1,1,,0,1,0.11,0,,
https://www.ups.com/us/en/the-ups-store,the-ups-store,other,ok,0,,1,3,258,1,0,1,0,1,1,,0,1,0.14,0,,
https://www.ups.com/us/en/the-ups-store/mailboxes,the-ups-store,other,ok,0,,1,4,258,1,0,1,0,1,1,,0,1,0.19,0,,
https://www.ups.com/us/en/the-ups-store/pack-and-ship,the-ups-store,other,ok,0,,1,3,258,1,0,1,0,1,1,,0,1,0.38,0,,
https://www.ups.com/us/en/the-ups-store/print,the-ups-store,other,ok,0,,1,4,258,1,0,1,0,1,1,,0,1,0.36,0,,
https://www.ups.com/us/en/the-ups-store/store-services,the-ups-store,product/service,ok,0,,1,4,258,1,0,1,0,1,1,,0,1,0.26,0,,
https://www.ups.com/us/en/track/change-delivery,track,tool,ok,0,,1,1,258,1,0,1,0,1,1,,0,1,0.3,0,,
https://www.ups.com/us/en/track/ups-my-choice,track,tool,ok,0,,1,1,401,1,1,1,1,1,1,Answer|FAQPage|Question,1,1,0.47,0,,
https://www.ups.com/us/en/track/ups-supply-chain-symphony,track,tool,ok,0,,1,,258,1,0,1,0,1,1,,0,1,0.39,0,,
https://www.ups.com/us/en/ups-happyreturns,ups-happyreturns,other,ok,0,,1,5,258,1,0,1,0,1,1,,0,1,0.33,0,,
https://www.ups.com/us/en/ups-healthcare,ups-healthcare,other,ok,0,,1,5,258,1,0,1,0,1,1,,0,1,0.25,0,,
https://www.ups.com/us/en/ups-insureshield,ups-insureshield,other,ok,0,,1,5,258,1,0,1,0,1,1,,0,1,0.32,0,,
https://www.ups.com/us/en/ups-parcelpro,ups-parcelpro,other,ok,0,,1,,258,1,0,1,0,1,1,,0,1,0.23,0,,
https://www.ups.com/us/en/ups-roadie,ups-roadie,other,ok,0,,1,5,258,1,1,1,1,1,1,,0,1,0.38,0,,
https://www.ups.com/us/en/ups-supplychain,ups-supplychain,other,ok,0,,1,,399,1,0,1,0,1,1,,0,1,0.26,0,,
https://www.ups.com/us/en/business-solutions/expand-your-online-business/ups-ready,business-solutions,product/service,ok,0,,2,4,19,1,1,1,1,1,1,,0,0,0.91,0,,
https://www.ups.com/us/en/customized-shipping-logistic-services/retail-store-shipping-logistic-solutions,customized-shipping-logistic-services,product/service,ok,0,,2,3,15,1,1,1,1,1,1,,0,1,0.26,0,yes,157.0
https://www.ups.com/us/en/business-solutions/expand-your-online-business/ups-access-point,business-solutions,product/service,ok,0,,2,2,13,1,0,1,0,1,1,,0,1,0.28,0,,
https://www.ups.com/us/en/customized-shipping-logistic-services/retail-store-shipping-logistic-solutions/how-predictive-analytics-is-reshaping-retail,customized-shipping-logistic-services,product/service,ok,0,,3,4,7,1,0,1,0,1,1,,0,1,0.42,0,yes,1.1
https://www.ups.com/us/en/customized-shipping-logistic-services/retail-store-shipping-logistic-solutions/retail-consumer-trends,customized-shipping-logistic-services,product/service,ok,0,,3,4,4,1,0,1,0,1,1,,0,0,0.51,0,yes,13.0
https://www.ups.com/us/en/customized-shipping-logistic-services/retail-store-shipping-logistic-solutions/returns-management,customized-shipping-logistic-services,product/service,ok,0,,3,4,4,1,0,1,0,1,1,,0,1,0.46,0,,
https://about.ups.com/us/en/newsroom/facebook-rules.html,newsroom,content,ok,0,,3,,1,1,0,1,0,1,1,,0,0,0.59,0,,
https://about.ups.com/us/en/newsroom/press-releases/customer-first.html,newsroom,content,ok,0,,3,5,38,1,1,1,0,1,1,,0,1,0.16,0,,
https://about.ups.com/us/en/newsroom/press-releases/customer-first/ups-invests-more-than--2-billion-to-give-customers-even-faster-s.html,newsroom,content,ok,0,,3,4,15,1,0,1,0,1,1,,0,0,0.56,0,,
https://about.ups.com/us/en/newsroom/press-releases/customer-first/ups-makes-shipping-easier-than-ever-with-new-digital-tools-for-s.html,newsroom,tool,ok,0,,3,5,13,1,0,1,0,1,1,,0,0,0.51,0,,
https://about.ups.com/us/en/newsroom/press-releases/financials.html,newsroom,content,ok,0,,3,6,38,1,0,1,0,1,1,,0,1,0.18,0,,
https://about.ups.com/us/en/newsroom/press-releases/financials/ups-announces-quarterly-dividend6.html,newsroom,content,ok,0,,3,7,7,1,1,1,0,1,1,,0,1,0.4,0,,
https://about.ups.com/us/en/newsroom/press-releases/our-strategy.html,newsroom,tool,ok,0,,3,6,13,1,1,1,0,1,1,,0,1,0.26,0,,
https://about.ups.com/us/en/newsroom/press-releases/our-strategy/ups-announces-executive-leadership-changes-and-new-global-operat.html,newsroom,tool,ok,0,,3,6,4,1,0,1,0,1,1,,0,0,0.58,0,,
https://about.ups.com/us/en/our-company/governance.html,,,offsite,0,,,,,0,0,0,0,0,0,,0,0,0.0,0,,
https://about.ups.com/us/en/our-impact/ups-sustainability-and-community-impact-report.html,our-impact,content,ok,0,,3,3,21,1,0,1,0,1,1,,0,0,0.51,0,,
https://about.ups.com/us/en/our-company/great-employer/5-ways-ups-is-improving-heat-safety-for-employees.html,our-company,other,ok,0,,3,4,39,1,0,1,0,1,1,,0,0,0.61,0,,
https://about.ups.com/us/en/our-stories/customer-first/-get-with-the-winning-team--how-to-get-started-with-ups-and-grow.html,our-stories,content,ok,0,,3,6,1,1,0,1,0,1,1,,0,1,0.47,0,yes,0.2
https://about.ups.com/us/en/our-stories/customer-first/how-audien-hearing-built-a-more-resilient-supply-chain-with-ups.html,our-stories,content,ok,0,,3,4,3,1,0,1,0,1,1,VideoList|VideoObject,1,1,0.35,0,,
https://about.ups.com/us/en/our-stories/customer-first/how-ups-helped-weathertech-bring-predictability-to-shipping.html,our-stories,support,ok,0,,3,4,3,1,0,1,0,1,1,,0,0,0.55,0,,
https://about.ups.com/us/en/our-stories/customer-first/spanish-retailer-doubles-u-s--business-with-curated-fashion-and-.html,our-stories,tool,ok,0,,3,4,6,1,0,1,0,1,1,,0,1,0.44,0,yes,0.2
https://about.ups.com/us/en/our-stories/customer-first/unbox-atlanta-with-ups--how-we-re-delivering-for-soccer-fans.html,our-stories,content,ok,0,,3,4,4,1,0,1,0,1,1,,0,1,0.44,0,,
https://about.ups.com/us/en/our-stories/customer-first/ups-and-lfc-celebrate-the--unstoppable-spirit--of-liverpool-busi0.html,our-stories,tool,ok,0,,3,4,4,1,0,1,0,1,1,,0,1,0.47,0,,
https://about.ups.com/us/en/our-stories/customer-first/ups-helps-businesses-grow-with-sustainable-shipping-and-easy-ret.html,our-stories,support,ok,0,,3,4,6,1,0,1,0,1,1,,0,1,0.45,0,yes,0.2
https://about.ups.com/us/en/our-stories/customer-first/ups-is-strengthening-our-position-as-the-world-s-no--1-provider-.html,our-stories,content,ok,0,,3,4,3,1,0,1,0,1,1,,0,0,0.5,0,,
https://about.ups.com/us/en/our-stories/customer-first/woodworking-company-s-export-business-booms-with-help-from-ups.html,our-stories,support,ok,0,,2,4,7,1,0,1,0,1,1,,0,1,0.44,0,yes,0.2
https://about.ups.com/us/en/our-stories/innovation-driven/rooted-in-speed--how-ups-logistics-keeps-urgent-dental-care-movi.html,our-stories,content,ok,0,,3,4,28,1,0,1,0,1,1,,0,0,0.5,0,,
https://about.ups.com/us/en/our-stories/innovation-driven/top-5-takeaways-from-ups-s-q2-2026-earnings-announcement.html,our-stories,content,ok,0,,3,4,25,1,0,1,0,1,1,,0,0,0.56,0,,
https://about.ups.com/us/en/our-stories/innovation-driven/upsers-are-simplifying-global-logistics-with-ai---.html,our-stories,content,ok,0,,3,4,25,1,0,1,0,1,1,,0,1,0.47,0,,
https://about.ups.com/us/en/our-stories/people-led/5-reasons-ceo-carol-tome-is-proud-of-our-legacy-and-what-we-re-b.html,our-stories,content,ok,0,,3,4,47,1,0,1,0,1,1,VideoList|VideoObject,1,1,0.49,0,,
https://about.ups.com/us/en/our-stories/people-led/driving-the-difference.html,our-stories,content,ok,0,,3,4,47,1,0,1,0,1,1,,0,0,0.5,0,,
https://about.ups.com/us/en/our-stories/people-led/from-factory-floors-to-farmers--fields--ups-delivers-for-john-de.html,our-stories,content,ok,0,,3,4,46,1,0,1,0,1,1,,0,0,0.52,0,,
https://about.ups.com/us/en/our-stories/people-led/gooaalll--upsers-deliver-wins-on-and-off-the-field.html,our-stories,content,ok,0,,3,4,46,1,0,1,0,1,1,VideoList|VideoObject,1,0,0.51,0,,
https://about.ups.com/us/en/our-stories/people-led/mental-health-matters-at-ups.html,our-stories,content,ok,0,,3,4,46,1,0,1,0,1,1,,0,0,0.53,0,,
https://about.ups.com/us/en/our-stories/people-led/reflecting-on-former-ceo-and-chairman-jack-rogers--legacy.html,our-stories,content,ok,0,,3,4,46,1,0,1,0,1,1,,0,1,0.4,0,,
https://about.ups.com/us/en/our-stories/people-led/remembering-cal-darden.html,our-stories,content,ok,0,,3,4,46,1,0,1,0,1,1,,0,1,0.45,0,,
https://about.ups.com/us/en/our-stories/people-led/the-safest-wheels-on-the-road.html,our-stories,content,ok,0,,2,3,48,1,0,1,0,1,1,,0,1,0.45,0,,
https://about.ups.com/us/en/our-stories/people-led/ups-driver-miguel-corral-named-2026-national-truck-driving-champ.html,our-stories,content,ok,0,,3,4,47,1,0,1,0,1,1,,0,1,0.48,0,,
https://about.ups.com/us/en/our-stories/people-led/ups-helps-singapore-exporter-deliver-nearly-10-000-orders-under-.html,our-stories,support,ok,0,,3,4,46,1,0,1,0,1,1,,0,1,0.46,0,,
https://about.ups.com/us/en/our-stories/people-led/what-ups-circle-of-honor-drivers-teach-us-about-earning-our-cust.html,our-stories,content,ok,0,,2,3,48,1,0,1,0,1,1,,0,0,0.56,0,,
https://about.ups.com/us/en/our-stories/people-led/ups-driver-joel-reyez-shares-his-tips-to-working-in-the-heat.html,our-stories,content,ok,0,,3,4,45,1,0,1,0,1,1,,0,1,0.47,0,,
https://about.ups.com/us/en/all-stories.html,all-stories,content,ok,0,,2,3,2,1,0,1,1,1,1,,0,1,0.18,0,,
https://about.ups.com/us/en/newsroom/press-releases/customer-first/ups-accelerates-intra-asia-trade-with-capacity-and-speed-enhance.html,newsroom,tool,ok,0,,3,4,14,1,0,1,0,1,1,,0,0,0.65,0,,
https://about.ups.com/us/en/newsroom/press-releases/customer-first/ups-and-american-express-announce-collaboration-at-the-intersect.html,newsroom,content,ok,0,,3,5,14,1,0,1,0,1,1,,0,0,0.64,0,,
https://about.ups.com/us/en/newsroom/press-releases/customer-first/ups-and-happy-returns-cement-position-as-largest-box-free-label-.html,newsroom,content,ok,0,,3,4,16,1,0,1,0,1,1,,0,0,0.51,0,,
https://about.ups.com/us/en/newsroom/press-releases/customer-first/ups-delivers-even-faster-to-korea-with-major-expansion-of-its-in.html,newsroom,content,ok,0,,3,4,16,1,0,1,0,1,1,,0,0,0.52,0,,
https://about.ups.com/us/en/newsroom/press-releases/customer-first/ups-enhances-services-in-southern-taiwan-with-opening-of-new-kao.html,newsroom,content,ok,0,,3,5,13,1,0,1,0,1,1,,0,0,0.57,0,,
https://about.ups.com/us/en/newsroom/press-releases/customer-first/ups-extends-complex-healthcare-logistics-lead-with--48-million-i.html,newsroom,content,ok,0,,3,4,15,1,0,1,0,1,1,,0,0,0.56,0,,
https://about.ups.com/us/en/newsroom/press-releases/customer-first/ups-invests--50-million-to-transform-logistics-for-north-america.html,newsroom,content,ok,0,,3,4,17,1,0,1,0,1,1,,0,0,0.53,0,,
https://about.ups.com/us/en/newsroom/press-releases/customer-first/ups-makes-bold-moves-with-ground-portfolio-expansion.html,newsroom,content,ok,0,,3,5,10,1,0,1,0,1,1,,0,0,0.63,0,,
https://about.ups.com/us/en/newsroom/press-releases/customer-first/ups-opens-new-package-centre--enhances-delivery-services-in-pena.html,newsroom,content,ok,0,,3,5,13,1,0,1,0,1,1,,0,0,0.66,0,,
https://about.ups.com/us/en/newsroom/press-releases/customer-first/ups-powers-customer-success-with-new-tech-enabled-logistics-cent.html,newsroom,content,ok,0,,3,4,15,1,0,1,0,1,1,,0,0,0.51,0,,
https://about.ups.com/us/en/newsroom/press-releases/customer-first/ups-unveils-game-changing-ups--global-checkout--no-more-surprise.html,newsroom,content,ok,0,,3,5,6,1,0,1,0,1,1,,0,0,0.65,0,,
https://about.ups.com/us/en/newsroom/press-releases/financials/-ups-announces-quarterly-dividend-q1-2025.html,newsroom,content,ok,0,,3,7,2,1,0,1,0,1,1,,0,0,0.51,0,,
https://about.ups.com/us/en/newsroom/press-releases/financials/ups-announces-quarterly-dividend3.html,newsroom,content,ok,0,,3,7,7,1,1,1,1,1,1,,0,0,0.72,0,,
https://about.ups.com/us/en/newsroom/press-releases/financials/ups-announces-quarterly-dividend4.html,newsroom,content,ok,0,,3,7,6,1,1,1,1,1,1,,0,0,0.63,0,,
https://about.ups.com/us/en/newsroom/press-releases/financials/ups-announces-quarterly-dividend5.html,newsroom,content,ok,0,,3,7,7,1,1,1,1,1,1,,0,0,0.51,0,,
https://about.ups.com/us/en/newsroom/press-releases/financials/ups-releases-1q-2025-earnings.html,newsroom,content,ok,0,,3,7,2,1,0,1,0,1,1,,0,0,0.86,0,,
https://about.ups.com/us/en/newsroom/press-releases/financials/ups-releases-1q-2026-earnings.html,newsroom,content,ok,0,,3,6,8,1,0,1,0,1,1,,0,0,0.85,0,,
https://about.ups.com/us/en/newsroom/press-releases/financials/ups-releases-2q-2025-earnings.html,newsroom,content,ok,0,,3,7,7,1,0,1,0,1,1,,0,0,0.86,0,,
https://about.ups.com/us/en/newsroom/press-releases/financials/ups-releases-2q-2026-earnings.html,newsroom,content,ok,0,,3,5,8,1,0,1,0,1,1,,0,0,0.86,0,,
https://about.ups.com/us/en/newsroom/press-releases/financials/ups-releases-3q-2025-earnings.html,newsroom,content,ok,0,,3,6,8,1,0,1,0,1,1,,0,0,0.87,0,,
https://about.ups.com/us/en/newsroom/press-releases/financials/ups-releases-4q-2025-earnings-and-provides-2026-guidance.html,newsroom,content,ok,0,,3,7,6,1,0,1,0,1,1,,0,0,0.81,0,,
https://about.ups.com/us/en/newsroom/press-releases/financials/ups-to-release-first-quarter-2025-results-on-tuesday--april-29--.html,newsroom,content,ok,0,,3,7,2,1,0,1,0,1,1,,0,1,0.46,0,,
https://about.ups.com/us/en/newsroom/press-releases/financials/ups-to-release-first-quarter-2026-results-on-tuesday--april-28--.html,newsroom,content,ok,0,,3,7,7,1,0,1,0,1,1,,0,1,0.47,0,,
https://about.ups.com/us/en/newsroom/press-releases/financials/ups-to-release-fourth-quarter-2025-results-on-tuesday--january-2.html,newsroom,content,ok,0,,3,7,6,1,0,1,0,1,1,,0,1,0.36,0,,
https://about.ups.com/us/en/newsroom/press-releases/financials/ups-to-release-second-quarter-2025-results-on-tuesday--july-29--.html,newsroom,content,ok,0,,3,7,7,1,0,1,0,1,1,,0,1,0.47,0,,
https://about.ups.com/us/en/newsroom/press-releases/financials/ups-to-release-second-quarter-2026-results-on-tuesday--july-28--.html,newsroom,content,ok,0,,3,7,6,1,0,1,0,1,1,,0,1,0.36,0,,
https://about.ups.com/us/en/newsroom/press-releases/innovation-driven.html,newsroom,content,ok,0,,3,5,8,1,1,1,0,0,1,,0,1,0.3,0,,
https://about.ups.com/us/en/newsroom/press-releases/innovation-driven/proof-over-promises--ups-s-bold-ai-initiatives-enhance-products-.html,newsroom,content,ok,0,,3,5,4,1,0,1,0,1,1,,0,0,0.63,0,,
https://about.ups.com/us/en/newsroom/press-releases/our-strategy/ups-acquires-andlauer-healthcare-group-for--1-6-billion--acceler.html,newsroom,tool,ok,0,,3,5,4,1,0,1,0,1,1,,0,0,0.5,0,,
https://about.ups.com/us/en/newsroom/press-releases/our-strategy/ups-to-acquire-andlauer-healthcare-group-for--1-6-billion--stren.html,newsroom,tool,ok,0,,3,6,4,1,0,1,0,1,1,,0,0,0.69,0,,
https://about.ups.com/us/en/newsroom/press-releases/people-led.html,newsroom,content,ok,0,,3,6,30,1,0,1,0,0,1,,0,1,0.19,0,,
https://about.ups.com/us/en/newsroom/press-releases/people-led/ups-appoints-john-morikis-to-board-of-directors.html,newsroom,content,ok,0,,3,7,4,1,0,1,0,1,1,,0,0,0.59,0,,
https://about.ups.com/us/en/newsroom/press-releases/people-led/ups-names-bernard-jiang-president-of-asia-pacific.html,newsroom,content,ok,0,,3,7,3,1,0,1,0,1,1,,0,0,0.54,0,,
https://about.ups.com/us/en/newsroom/statements/aircraft-maintenance-contract-agreement.html,newsroom,content,ok,0,,3,3,2,1,0,1,0,1,1,,0,1,0.42,0,,
https://about.ups.com/us/en/newsroom/statements/an-update-on-changes-to-our-u-s--network-operations-.html,newsroom,content,ok,0,,3,3,2,1,0,1,0,1,1,,0,1,0.46,0,,
https://about.ups.com/us/en/newsroom/statements/statement-from-carol-tome-on-kevin-warsh-nomination.html,newsroom,content,ok,0,,3,3,2,1,0,1,0,1,1,,0,1,0.44,0,,
https://about.ups.com/us/en/newsroom/statements/statement-from-ups-on-the-passing-of-president-jimmy-carter.html,newsroom,content,ok,0,,3,3,2,1,0,1,0,1,1,,0,1,0.45,0,,
https://about.ups.com/us/en/newsroom/statements/ups-announces-u-s--driver-voluntary-program.html,newsroom,content,ok,0,,3,3,2,1,0,1,0,1,1,,0,0,0.55,0,,
https://about.ups.com/us/en/newsroom/statements/ups-reaches-agreement-with-teamsters-on-driver-choice-program.html,newsroom,content,ok,0,,3,3,2,1,0,1,0,1,1,,0,1,0.37,0,,
https://about.ups.com/us/en/newsroom/statements/ups-statement-in-memory-of-fredrick-w--smith-.html,newsroom,content,ok,0,,3,3,2,1,0,1,0,1,1,,0,1,0.42,0,,
https://about.ups.com/us/en/newsroom/statements/ups-statement-on-aircraft-accident.html,newsroom,content,ok,0,,2,2,3,1,0,1,0,1,1,,0,0,0.69,0,,
https://about.ups.com/us/en/newsroom/statements/ups-statement-on-md-11-fleet.html,newsroom,content,ok,0,,3,3,2,1,0,1,0,1,1,,0,1,0.45,0,,
https://about.ups.com/us/en/newsroom/statements/ups-statement-on-new-people-investments.html,newsroom,content,ok,0,,3,3,2,1,0,1,0,1,1,,0,1,0.49,0,,
https://about.ups.com/us/en/newsroom/statements/ups-statement-on-the-passing-of-first-lady-rosalynn-carter.html,newsroom,content,ok,0,,3,3,2,1,0,1,0,1,1,,0,1,0.44,0,,
https://about.ups.com/us/en/newsroom/statements/ups-statement-on-u-s--driver-voluntary-program.html,newsroom,content,ok,0,,3,3,2,1,0,1,0,1,1,,0,0,0.5,0,,
https://about.ups.com/us/en/newsroom/statements/ups-statement-on-u-s--network-optimization.html,newsroom,content,ok,0,,3,3,2,1,0,1,0,1,1,,0,1,0.46,0,,
https://about.ups.com/us/en/our-company/global-presence/asia-pacific-region-facts.html,our-company,other,ok,0,,3,4,1,1,0,1,1,1,1,,0,1,0.46,0,,
https://about.ups.com/us/en/our-company/global-presence/canada-facts.html,our-company,other,ok,0,,3,4,1,1,0,1,1,1,1,,0,1,0.46,0,,
https://about.ups.com/us/en/our-company/global-presence/corporate-facts.html,our-company,tool,ok,0,,3,4,1,1,0,1,0,1,1,,0,0,0.51,0,,
https://about.ups.com/us/en/our-company/global-presence/europe-region-facts.html,our-company,other,ok,0,,3,4,1,1,0,1,1,1,1,,0,1,0.45,0,,
https://about.ups.com/us/en/our-company/global-presence/latin-america-and-the-caribbean-facts.html,our-company,other,ok,0,,3,4,1,1,0,1,1,1,1,,0,1,0.47,0,,
https://about.ups.com/us/en/our-company/great-employer/after-44-years--retired-ups-driver-still-delivers-for-communitie.html,our-company,other,ok,0,,3,5,31,1,0,1,0,1,1,,0,1,0.49,0,,
https://about.ups.com/us/en/our-company/great-employer/for-these-two-ups-safety-experts--practice-makes-perfect.html,our-company,other,ok,0,,3,5,32,1,0,1,0,1,1,VideoList|VideoObject,1,1,0.49,0,,
https://about.ups.com/us/en/our-company/great-employer/from-trainee-to-trainer--career-opportunities-with-the-ups.html,our-company,corporate,ok,0,,3,5,1,1,0,1,0,1,1,,0,1,0.45,0,,
https://about.ups.com/us/en/our-company/great-employer/jeanette-palmer-turns-her-life-around-with-pay-and-benefits-from.html,our-company,other,ok,0,,3,5,2,1,0,1,0,1,1,VideoList|VideoObject,1,1,0.34,0,,
https://about.ups.com/us/en/our-company/great-employer/paid-vacation-with-ups-allows-one-driver-to-focus-on-her-bodybui.html,our-company,other,ok,0,,3,5,2,1,0,1,0,1,1,VideoList|VideoObject,1,1,0.45,0,,
https://about.ups.com/us/en/our-company/great-employer/single-mom-katheryn-cabanillas-soars-with-ups-s-pay--benefits--o.html,our-company,other,ok,0,,3,5,31,1,0,1,0,1,1,,0,1,0.36,0,,
https://about.ups.com/us/en/our-company/great-employer/ups-has-unmatched-safety-culture.html,our-company,other,ok,0,,3,5,34,1,0,1,0,1,1,,0,1,0.47,0,,
https://about.ups.com/us/en/our-impact/community/equity-and-economic-empowerment.html,our-impact,other,ok,0,,3,5,10,1,0,1,0,1,1,,0,1,0.34,0,,
https://about.ups.com/us/en/our-impact/community/equity-and-economic-empowerment/taking-women-owned-businesses-global-in-times-of-turmoil.html,our-impact,product/service,ok,0,,3,4,12,1,0,1,0,2,1,,0,0,0.52,0,,
https://about.ups.com/us/en/our-impact/community/equity-and-economic-empowerment/ups-helps-educate-50-000-students-in-india-through-nearly--125k-.html,our-impact,support,ok,0,,3,5,10,1,0,1,0,1,1,,0,0,0.52,0,,
https://about.ups.com/us/en/our-impact/community/health-humanitarian-relief.html,our-impact,other,ok,0,,3,5,9,1,0,1,0,1,1,,0,1,0.36,0,,
https://about.ups.com/us/en/our-impact/community/health-humanitarian-relief/how-the-ups-foundation-delivered-hope-after-natural-disasters-in.html,our-impact,other,ok,0,,3,5,9,1,0,1,0,1,1,,0,0,0.61,0,,
https://about.ups.com/us/en/our-impact/community/local-community-engagement.html,our-impact,other,ok,0,,3,5,15,1,0,1,0,1,1,,0,1,0.31,0,,
https://about.ups.com/us/en/our-impact/community/local-community-engagement/2024-jim-casey-community-service-award-winner.html,our-impact,product/service,ok,0,,3,5,15,1,0,1,0,1,1,VideoList|VideoObject,1,1,0.45,0,,
https://about.ups.com/us/en/our-impact/community/local-community-engagement/3-powerful-lessons-from-30-years-of-the-jim-casey-community-serv.html,our-impact,other,ok,0,,3,5,15,1,0,1,0,1,1,,0,0,0.55,0,,
https://about.ups.com/us/en/our-impact/community/local-community-engagement/celebrating-a-milestone--1-million-volunteer-hours-dedicated-to-.html,our-impact,other,ok,0,,3,5,15,1,0,1,0,1,1,,0,0,0.5,0,,
https://about.ups.com/us/en/our-impact/community/local-community-engagement/celebrating-the-power-of-global-volunteerism-at-ups.html,our-impact,other,ok,0,,3,5,15,1,0,1,0,1,1,,0,0,0.58,0,,
https://about.ups.com/us/en/our-impact/community/local-community-engagement/empowering-dreams--one-ups-employee-s-inspiring-journey-of-sacri.html,our-impact,other,ok,0,,3,5,15,1,0,1,0,1,1,VideoList|VideoObject,1,1,0.45,0,,
https://about.ups.com/us/en/our-impact/community/local-community-engagement/fueling-hope--a-upser-s-mission-to-deliver-comfort-and-care.html,our-impact,other,ok,0,,3,4,17,1,0,1,0,1,1,VideoList|VideoObject,1,1,0.5,0,,
https://about.ups.com/us/en/our-impact/community/local-community-engagement/purpose-and-expertise-drive-ups-s-response-in-times-of-need.html,our-impact,other,ok,0,,3,5,15,1,0,1,0,1,1,,0,0,0.51,0,,
https://about.ups.com/us/en/our-impact/community/local-community-engagement/the-ups-foundation-awards-atlanta-botanical-garden--5-million.html,our-impact,other,ok,0,,3,5,15,1,0,1,0,1,1,,0,1,0.47,0,,
https://about.ups.com/us/en/our-impact/community/local-community-engagement/ups-and-the-high-museum-renew-second-sundays-partnership.html,our-impact,other,ok,0,,3,5,15,1,0,1,0,1,1,,0,1,0.47,0,,
https://about.ups.com/us/en/our-stories/people-led/how-to-build-a-dream-career-with-ups-healthcare.html,our-stories,content,ok,0,,3,5,1,1,0,1,0,1,1,VideoList|VideoObject,1,1,0.41,0,,
https://about.ups.com/us/en/our-company/leadership/angela-hwang.html,our-company,corporate,ok,0,,3,5,1,1,0,1,0,1,1,,0,0,0.55,0,,
https://about.ups.com/us/en/our-company/leadership/bala-subramanian.html,our-company,corporate,ok,0,,3,4,3,1,0,1,0,1,1,,0,0,0.53,0,,
https://about.ups.com/us/en/our-company/leadership/brian-dykes.html,our-company,corporate,ok,0,,3,5,1,1,0,1,0,1,1,,0,0,0.51,0,,
https://about.ups.com/us/en/our-company/leadership/carol-tome.html,our-company,corporate,ok,0,,3,4,3,1,0,1,0,1,1,,0,0,0.58,0,,
https://about.ups.com/us/en/our-company/leadership/christiana-smith-shi.html,our-company,corporate,ok,0,,3,5,1,1,0,1,0,1,1,,0,0,0.58,0,,
https://about.ups.com/us/en/our-company/leadership/darrell-ford.html,our-company,corporate,ok,0,,3,5,2,1,0,1,0,1,1,,0,0,0.56,0,,
https://about.ups.com/us/en/our-company/leadership/franck-moison.html,our-company,corporate,ok,0,,3,5,1,1,0,1,0,1,1,,0,0,0.55,0,,
https://about.ups.com/us/en/our-company/leadership/john-morikis.html,our-company,corporate,ok,0,,3,5,1,1,0,1,0,1,1,,0,0,0.53,0,,
https://about.ups.com/us/en/our-company/leadership/kevin-clark---about-ups.html,our-company,corporate,ok,0,,3,5,1,1,0,1,0,1,1,,0,0,0.58,0,,
https://about.ups.com/us/en/our-company/leadership/nando-cesarone.html,our-company,corporate,ok,0,,3,5,1,1,0,1,0,1,1,,0,0,0.52,0,,
https://about.ups.com/us/en/our-company/leadership/norman-m-brothers-jr.html,our-company,corporate,ok,0,,3,5,2,1,0,1,0,1,1,,0,0,0.56,0,,
https://about.ups.com/us/en/our-company/leadership/rodney-c-adkins.html,our-company,corporate,ok,0,,3,5,1,1,0,1,0,1,1,,0,0,0.53,0,,
https://about.ups.com/us/en/our-company/leadership/russell-stokes.html,our-company,corporate,ok,0,,3,5,1,1,0,1,0,1,1,,0,0,0.56,0,,
https://about.ups.com/us/en/our-company/leadership/wayne-hewett.html,our-company,corporate,ok,0,,3,5,1,1,0,1,0,1,1,,0,0,0.57,0,,
https://about.ups.com/us/en/our-company/leadership/wilfredo-ramos.html,our-company,corporate,ok,0,,3,5,1,1,0,1,0,1,1,,0,0,0.53,0,,
https://about.ups.com/us/en/our-company/leadership/william-r--johnson.html,our-company,corporate,ok,0,,3,5,1,1,0,1,0,1,1,,0,0,0.56,0,,
https://about.ups.com/us/en/request-a-speaker-form.html,request-a-speaker-form,other,ok,0,,3,5,2,1,0,1,0,1,1,,0,0,0.65,0,,
https://about.ups.com/us/en/our-company/our-strategy/better-not-bigger-framework.html,our-company,tool,ok,0,,3,5,2,1,0,1,0,1,1,,0,1,0.39,0,,
https://about.ups.com/us/en/our-company/suppliers/supplier-training-resources.html,our-company,content,ok,0,,3,,2,1,0,1,0,1,1,,0,0,0.6,0,,
https://about.ups.com/us/en/our-company/suppliers/what-we-buy.html,our-company,other,ok,0,,3,,1,1,0,1,1,1,1,,0,0,0.55,0,,
https://about.ups.com/us/en/our-impact/community/equity-and-economic-empowerment/insights-on-economic-empowerment-from-the-ups-impact-summit.html,our-impact,content,ok,0,,3,5,7,1,0,1,0,1,1,,0,0,0.62,0,,
https://about.ups.com/us/en/our-impact/community/equity-and-economic-empowerment/ups-impact-summit.html,our-impact,other,ok,0,,3,5,7,1,0,1,0,1,1,VideoList|VideoObject,1,1,0.49,0,,
https://about.ups.com/us/en/our-impact/community/equity-and-economic-empowerment/ups-recognizes-juneteenth.html,our-impact,other,ok,0,,3,5,7,1,0,1,0,1,1,,0,0,0.53,0,,
https://about.ups.com/us/en/our-impact/community/health-humanitarian-relief/ups-response-on-the-crisis-in-ukraine.html,our-impact,other,ok,0,,2,5,6,1,0,1,0,1,1,,0,0,0.62,0,,
https://about.ups.com/us/en/our-impact/community/planet-protection.html,our-impact,other,ok,0,,3,5,6,1,0,1,0,0,1,,0,1,0.35,0,,
https://about.ups.com/us/en/our-impact/community/planet-protection/2000-seedlings-help-restore-redwood-habitat.html,our-impact,support,ok,0,,3,5,5,1,0,1,0,1,1,,0,0,0.53,0,,
https://about.ups.com/us/en/our-impact/community/planet-protection/a-vision-for-a-sustainable-future.html,our-impact,corporate,ok,0,,3,5,6,1,0,1,0,1,1,,0,0,0.6,0,,
https://about.ups.com/us/en/our-impact/community/planet-protection/planting-trees-to-improve-the-health-of-communities--.html,our-impact,other,ok,0,,3,5,5,1,0,1,0,1,1,,0,0,0.62,0,,
https://about.ups.com/us/en/our-impact/community/ups-foundation-leadership.html,our-impact,corporate,ok,0,,3,5,3,1,0,1,0,1,1,,0,0,0.67,0,,
https://about.ups.com/us/en/our-impact/ups-sustainability-and-community-impact-report/delivering-for-our-communities.html,our-impact,content,ok,0,,3,4,7,1,0,1,0,0,1,,0,0,0.56,0,,
https://about.ups.com/us/en/our-company/governance/carbon-neutral-credentials.html,our-company,other,ok,0,,3,5,7,1,0,1,0,1,1,,0,0,0.62,0,,
https://about.ups.com/us/en/our-company/governance/transparency-rule.html,our-company,other,ok,0,,3,5,1,1,0,1,0,1,1,,0,1,0.44,0,,
https://about.ups.com/us/en/our-impact/reporting/gender-equality-index---ups-france-.html,our-impact,content,ok,0,,3,5,1,1,0,1,0,1,1,,0,0,0.51,0,,
https://about.ups.com/us/en/our-impact/sustainability/carol-b--tome-shares-ups-sustainability-message.html,our-impact,corporate,ok,0,,2,2,8,1,0,1,0,1,1,,0,1,0.44,0,,
https://about.ups.com/us/en/our-impact/sustainability/key-highlights-from-ups-s-latest-sustainability-and-community-im.html,our-impact,corporate,ok,0,,3,3,7,1,0,1,0,1,1,,0,1,0.41,0,,
https://about.ups.com/us/en/our-impact/sustainability/middletown-rng-fueling-station-opening.html,our-impact,corporate,ok,0,,3,3,6,1,0,1,0,1,1,,0,1,0.43,0,,
https://about.ups.com/us/en/our-impact/sustainability/sustainable-alternative-fuel---about-ups.html,our-impact,corporate,ok,0,,3,3,7,1,0,1,0,1,1,,0,1,0.47,0,,
https://about.ups.com/us/en/our-impact/sustainability/sustainable-services.html,our-impact,corporate,ok,0,,3,3,12,1,0,1,0,1,1,,0,1,0.36,0,,
https://about.ups.com/us/en/our-impact/sustainability/sustainable-services/electric-vehicles---about-ups.html,our-impact,corporate,ok,0,,3,3,12,1,0,1,0,1,1,,0,0,0.5,0,,
https://about.ups.com/us/en/our-impact/sustainability/sustainable-services/equads-in-the-uk.html,our-impact,corporate,ok,0,,3,3,13,1,0,1,0,1,1,,0,0,0.52,0,,
https://about.ups.com/us/en/our-impact/sustainability/sustainable-services/esg-action-plan-.html,our-impact,corporate,ok,0,,3,3,13,1,0,1,0,1,1,,0,0,0.55,0,,
https://about.ups.com/us/en/our-impact/sustainability/the-g-in-esg.html,our-impact,corporate,ok,0,,3,3,6,1,0,1,0,1,1,,0,0,0.51,0,,
https://about.ups.com/us/en/our-impact/sustainability/top-takeaways-from-ups-s-2025-sustainability-and-community-impac.html,our-impact,corporate,ok,0,,2,2,9,1,0,1,0,1,1,,0,1,0.45,0,,
https://about.ups.com/us/en/our-impact/sustainability/top-takeaways-from-ups-s-latest-sustainability-and-social-impact.html,our-impact,corporate,ok,0,,3,3,7,1,0,1,0,1,1,,0,0,0.52,0,,
https://about.ups.com/us/en/our-stories/customer-first/delivering-iconic-flavors-with-ups--the-recipe-behind-goldbelly-.html,our-stories,content,ok,0,,3,3,2,1,0,1,0,2,1,,0,1,0.48,0,,
https://about.ups.com/us/en/our-stories/customer-first/fresh-products-need-a-reliable-shipper.html,our-stories,content,ok,0,,3,4,2,1,0,1,0,1,1,,0,1,0.45,0,,
https://about.ups.com/us/en/our-stories/customer-first/get-everything-you-need-to-make-valentine-s-day-extra-special--d.html,our-stories,content,ok,0,,3,4,1,1,0,1,0,1,1,,0,1,0.49,0,,
https://about.ups.com/us/en/our-stories/customer-first/how-ups-is-strengthening-supply-chains-and-accelerating-growth-a.html,our-stories,content,ok,0,,3,4,1,1,0,1,0,1,1,,0,1,0.46,0,yes,0.2
https://about.ups.com/us/en/our-stories/customer-first/how-ups-powers-small-business-growth.html,our-stories,content,ok,0,,3,4,2,1,0,1,0,1,1,,0,1,0.49,0,yes,0.2
https://about.ups.com/us/en/our-stories/customer-first/liverpool-fc-ships-exclusive-kits-and-merch-to-fans-around-the-w.html,our-stories,content,ok,0,,3,4,2,1,0,1,0,1,1,,0,1,0.41,0,,
https://about.ups.com/us/en/our-stories/customer-first/meet-the-finalists-of-the-ups-store-2026-small-biz-challenge.html,our-stories,content,ok,0,,3,4,2,1,0,1,0,1,1,,0,1,0.49,0,,
https://about.ups.com/us/en/our-stories/customer-first/new-shelves--new-customers---same-reliable-shipper.html,our-stories,content,ok,0,,3,4,2,1,0,1,0,1,1,,0,1,0.44,0,yes,0.2
https://about.ups.com/us/en/our-stories/customer-first/sanmar-and-ups--an-iconic-partnership-delivering-world-class-spe.html,our-stories,content,ok,0,,3,4,1,1,0,1,0,1,1,,0,1,0.47,0,yes,0.2
https://about.ups.com/us/en/our-stories/customer-first/small-businesses-scale-from-local-favorites-to-global-brands-wit.html,our-stories,content,ok,0,,3,4,1,1,0,1,0,1,1,,0,1,0.45,0,yes,0.2
https://about.ups.com/us/en/our-stories/customer-first/the-largest-box-free--label-free-return-network-in-the-u-s--is-b.html,our-stories,content,ok,0,,3,4,2,1,0,1,0,1,1,,0,1,0.42,0,,
https://about.ups.com/us/en/our-stories/customer-first/ups-delivers-cold-chain-powered-convenience-to-mothers-with-milk.html,our-stories,content,ok,0,,3,4,1,1,0,1,0,1,1,,0,1,0.42,0,,
https://about.ups.com/us/en/our-stories/customer-first/ups-leads-the-way-in-on-time-delivery-during-the-2025-holiday-se.html,our-stories,content,ok,0,,3,4,3,1,0,1,0,1,1,,0,1,0.41,0,,
https://www.ups.com/us/en/business-solutions/pickup-dropoff-options/ups-smart-pickup,business-solutions,product/service,ok,0,,2,2,8,1,0,1,0,1,1,,0,1,0.43,0,,
https://about.ups.com/us/en/our-impact/community/ups-foundation-leadership/nikki-clifton.html,our-impact,corporate,ok,0,,4,4,3,1,0,1,0,1,1,,0,0,0.59,0,,
https://about.ups.com/us/en/our-stories/customer-first/5-things-every-business-should-know-about-returns-in-2025-and-be.html,our-stories,content,ok,0,,4,4,4,1,0,1,0,1,1,,0,1,0.49,0,,
https://about.ups.com/us/en/our-stories/innovation-driven/3-things-you-need-to-know-about-the-future-of-healthcare-logisti.html,our-stories,content,ok,0,,3,5,23,1,0,1,0,1,1,,0,1,0.49,0,,
https://about.ups.com/us/en/our-stories/innovation-driven/3-ways-ups-healthcare-delivers-temperature-sensitive-biologics-l.html,our-stories,content,ok,0,,3,5,2,1,0,1,0,1,1,,0,1,0.44,0,,
https://about.ups.com/us/en/our-stories/innovation-driven/3-ways-ups-is-using-smart-tech-today-to-deliver-a-more-sustainab.html,our-stories,content,ok,0,,3,5,2,1,0,1,0,1,1,,0,1,0.46,0,,
https://about.ups.com/us/en/our-stories/innovation-driven/courage-to-change--how-ups-transformed-to-lead-the-future-of-glo.html,our-stories,content,ok,0,,3,5,23,1,0,1,0,2,1,,0,0,0.54,0,,
https://about.ups.com/us/en/our-stories/innovation-driven/forest-of-the-future.html,our-stories,content,ok,0,,3,5,1,1,0,1,0,1,1,,0,1,0.44,0,,
https://about.ups.com/us/en/our-stories/innovation-driven/head-of-supply-chain-solutions-at-ups-talks-4-emerging-trends-in.html,our-stories,content,ok,0,,3,5,1,1,0,1,0,1,1,,0,0,0.51,0,,
https://about.ups.com/us/en/our-stories/innovation-driven/how-ups-is-helping-customers-with-sustainable-logistics.html,our-stories,support,ok,0,,3,5,28,1,0,1,0,1,1,,0,1,0.47,0,yes,0.2
https://about.ups.com/us/en/our-stories/innovation-driven/mobile-training-academy-brings-safety-focused-driver-training-to.html,our-stories,content,ok,0,,3,5,2,1,0,1,0,1,1,,0,0,0.66,0,,
https://about.ups.com/us/en/our-stories/innovation-driven/new-ups-electric-vehicles-hit-the-streets-of-europe.html,our-stories,content,ok,0,,3,5,24,1,0,1,0,2,1,VideoList|VideoObject,1,1,0.42,0,,
https://about.ups.com/us/en/our-stories/innovation-driven/renewable-natural-gas-is-an-important-part-of-ups-strategy-to-in.html,our-stories,tool,ok,0,,3,5,2,1,0,1,0,1,1,,0,1,0.5,0,,
https://about.ups.com/us/en/our-stories/innovation-driven/top-5-takeaways-from-ups-s-q3-2025-earnings-announcement.html,our-stories,content,ok,0,,3,5,23,1,0,1,0,1,1,,0,0,0.54,0,,
https://about.ups.com/us/en/our-stories/innovation-driven/top-6-takeaways-from-ups-s-q1-2026-earnings-announcement.html,our-stories,content,ok,0,,3,5,23,1,0,1,0,1,1,,0,0,0.55,0,,
https://about.ups.com/us/en/our-stories/innovation-driven/ups-adds-two-new-cross-docks-in-europe-to-meet-growing-healthcar.html,our-stories,content,ok,0,,3,5,23,1,0,1,0,1,1,,0,1,0.47,0,,
https://about.ups.com/us/en/our-stories/innovation-driven/ups-cambridge-cycle-hub-paves-the-way-for-sustainable-city-deliv.html,our-stories,content,ok,0,,3,5,13,1,0,1,0,1,1,,0,1,0.44,0,,
https://about.ups.com/us/en/our-stories/innovation-driven/ups-healthcare-upgrades-two-facilities-in-italy-with--55-million.html,our-stories,content,ok,0,,3,5,2,1,0,1,0,1,1,,0,1,0.45,0,,
https://about.ups.com/us/en/our-stories/innovation-driven/ups-is-improving-careers-and-access-to-opportunity-with-the-help.html,our-stories,support,ok,0,,3,5,1,1,0,1,0,1,1,VideoList|VideoObject,1,1,0.43,0,,
https://about.ups.com/us/en/our-stories/innovation-driven/ups-opens-first-dedicated-healthcare-facility-in-ireland.html,our-stories,content,ok,0,,3,5,23,1,0,1,0,1,1,,0,1,0.45,0,,
https://about.ups.com/us/en/our-stories/innovation-driven/ups-recognized-as-one-of-2023-s-most-innovative-companies.html,our-stories,content,ok,0,,3,5,1,1,0,1,0,1,1,,0,1,0.38,0,,
https://about.ups.com/us/en/our-stories/innovation-driven/ups-teams-up-with-rubicon.html,our-stories,content,ok,0,,3,5,1,1,0,1,0,1,1,,0,1,0.47,0,,
https://about.ups.com/us/en/our-stories/innovation-driven/virtual-reality-helping-to-create-safety-for-ups-drivers.html,our-stories,support,ok,0,,3,5,1,1,0,1,0,1,1,,0,0,0.54,0,,
https://about.ups.com/us/en/our-stories/people-led/30-million-volunteer-hours-delivered---four-years-early.html,our-stories,content,ok,0,,3,4,1,1,0,1,0,1,1,,0,0,0.51,0,,
https://about.ups.com/us/en/our-stories/people-led/40-years-of-service-and-a-lifetime-of-ups-pride.html,our-stories,content,ok,0,,3,4,2,1,0,1,0,1,1,,0,1,0.48,0,,
https://about.ups.com/us/en/our-stories/people-led/UPS-driver-retires-after-58-years-and-over-5-million-accident-free-miles.html,our-stories,content,ok,0,,3,4,1,1,0,1,0,1,1,,0,1,0.5,0,,
https://about.ups.com/us/en/our-stories/people-led/backed-by-ups--one-mother-s-story-of-resilience-and-support-.html,our-stories,support,ok,0,,3,4,1,1,0,1,0,1,1,VideoList|VideoObject,1,1,0.41,0,,
https://about.ups.com/us/en/our-stories/people-led/celebrating-ups-driver-george-lodovico-for-55-years-of-safe-driv.html,our-stories,content,ok,0,,3,4,3,1,0,1,0,1,1,,0,0,0.5,0,,
https://about.ups.com/us/en/our-stories/people-led/cheers-to-118-years-of-ups-.html,our-stories,content,ok,0,,3,4,1,1,0,1,0,1,1,VideoList|VideoObject,1,1,0.35,0,,
https://about.ups.com/us/en/our-stories/people-led/from-our-customers--hearts-to-ups--words-of-gratitude-for-extrao.html,our-stories,content,ok,0,,3,4,1,1,0,1,0,1,1,,0,1,0.5,0,,
https://about.ups.com/us/en/our-stories/people-led/from-the-er-to-ups--one-mom-s-journey-to-flexibility-and-opportu.html,our-stories,content,ok,0,,3,4,3,1,0,1,0,2,1,VideoList|VideoObject,1,1,0.42,0,,
https://about.ups.com/us/en/our-stories/people-led/from-the-philippines-to-ireland--we-deliver-the-holidays.html,our-stories,content,ok,0,,3,4,2,1,0,1,0,1,1,,0,1,0.49,0,,
https://about.ups.com/us/en/our-stories/people-led/how-one-ups-driver-mastered-arizona-s-desert-summers.html,our-stories,content,ok,0,,3,4,2,1,0,1,0,1,1,,0,1,0.47,0,,
https://about.ups.com/us/en/our-stories/people-led/how-one-ups-employee-turned-a-job-into-a-thriving-career.html,our-stories,content,ok,0,,3,4,1,1,0,1,0,1,1,VideoList|VideoObject,1,1,0.43,0,,
https://about.ups.com/us/en/our-stories/people-led/how-ups-helped-one-employee-find-and-pursue-their-passion.html,our-stories,support,ok,0,,3,4,1,1,0,1,0,1,1,,0,1,0.48,0,,
https://about.ups.com/us/en/our-stories/people-led/keeping-seasonal-workers-safe.html,our-stories,content,ok,0,,3,4,1,1,0,1,0,1,1,,0,1,0.47,0,,
https://about.ups.com/us/en/our-stories/people-led/meet-malina-downey---a-ups-engineer-powering-holiday-operations-.html,our-stories,content,ok,0,,3,4,1,1,0,1,0,1,1,,0,1,0.47,0,,
https://about.ups.com/us/en/our-stories/people-led/meet-the-ups-ready-team-on-call-to-serve-during-the-busiest-time.html,our-stories,content,ok,0,,3,4,1,1,0,1,0,1,1,,0,0,0.51,0,,
https://about.ups.com/us/en/our-stories/people-led/national-human-trafficking-prevention-month.html,our-stories,content,ok,0,,3,4,3,1,0,1,0,1,1,,0,1,0.49,0,,
https://about.ups.com/us/en/our-stories/people-led/peak-wrap-up.html,our-stories,content,ok,0,,3,4,1,1,0,1,0,1,1,VideoList|VideoObject,1,1,0.43,0,,
https://about.ups.com/us/en/our-stories/people-led/sunshine-state-ups-driver-turns-personal-loss-into-heat-safety-l.html,our-stories,content,ok,0,,3,4,1,1,0,1,0,1,1,,0,1,0.44,0,,
https://about.ups.com/us/en/our-stories/people-led/the-road-to-excellence-ups-drivers-at-the-national-truck-driving.html,our-stories,content,ok,0,,3,4,1,1,0,1,0,1,1,VideoList|VideoObject,1,1,0.4,0,,
https://about.ups.com/us/en/our-stories/people-led/the-ups-store-bags-fifth-win-at-the-tournament-of-roses.html,our-stories,content,ok,0,,3,4,1,1,0,1,0,1,1,,0,1,0.42,0,,
https://about.ups.com/us/en/our-stories/people-led/thirsty-for-safety---how-one-ups-driver-is-making-a-splash.html,our-stories,content,ok,0,,3,4,13,1,0,1,0,1,1,,0,1,0.44,0,,
https://about.ups.com/us/en/our-stories/people-led/ups-delivers-holiday-shipping-with-flexibility--visibility-and-e.html,our-stories,content,ok,0,,3,4,2,1,0,1,0,1,1,,0,1,0.47,0,,
https://about.ups.com/us/en/our-stories/people-led/ups-drivers-shine-at-2025-national-truck-driving-championships.html,our-stories,content,ok,0,,3,4,1,1,0,1,0,1,1,,0,0,0.51,0,,
https://about.ups.com/us/en/our-stories/people-led/upss-holiday-hiring-spree.html,our-stories,content,http_error,1,3,3,4,2,1,0,1,0,1,0,,0,1,0.39,0,,
https://about.ups.com/us/en/newsroom/ups-aircraft-accident.html,newsroom,content,ok,0,,1,1,3,1,0,1,0,1,1,,0,1,0.41,0,,
https://solutions.ups.com/virtual-consultation-2023-ussp-page.html,virtual-consultation-2023-ussp-page,other,robots,0,,1,1,18,0,0,0,0,0,0,,0,0,0.0,0,,
https://www.ups.com/us/en/fragments/shipping-widget,fragments,product/service,ok,0,,1,1,2,1,0,0,0,0,1,,0,1,0.04,0,,
https://www.ups.com/us/en/fragments/support,fragments,support,ok,0,,1,1,2,1,0,1,0,0,1,,0,1,0.07,0,,
https://www.ups.com/us/en/fragments/tracking-widget,fragments,tool,ok,0,,1,1,2,1,0,0,0,0,1,,0,1,0.02,0,,
https://www.ups.com/us/en/shipping/international-shipping/tariffs/cpsc,shipping,product/service,ok,0,,1,1,3,1,0,1,0,1,1,,0,1,0.45,0,,
https://www.ups.com/us/en/shipping/international-shipping/tariffs/de-minimis,shipping,product/service,ok,0,,1,1,3,1,0,1,0,1,1,,0,0,0.56,0,,
https://www.ups.com/us/en/support/shipping-support/shipping-costs-rates,support,support,ok,0,,1,1,15,1,0,1,0,1,1,Answer|FAQPage|Question,1,1,0.35,0,,
https://www.ups.com/us/en/support/shipping-support/shipping-costs-rates/ups-ground-saver,support,support,ok,0,,1,1,7,1,0,1,0,1,1,,0,1,0.33,0,,
https://www.ups.com/us/en/shipping/international-shipping/import-fees,shipping,product/service,ok,0,,2,2,9,1,0,1,0,1,1,,0,1,0.5,0,,
https://www.ups.com/us/en/support/manage-your-profile,support,account,ok,0,,2,3,4,1,0,1,0,1,1,,0,1,0.45,0,,
https://www.ups.com/us/en/support/shipping-support/freight-quote,support,support,ok,0,,2,3,2,1,0,1,0,0,1,,0,1,0.12,0,,
https://www.ups.com/us/en/support/shipping-support/legal-terms-conditions/privacy-notice/cookies-policy,support,support,ok,0,,2,2,240,1,0,1,0,1,1,,0,1,0.46,0,,
https://www.ups.com/us/en/support/tracking-support/change-delivery-options/delivery-intercept,support,support,ok,0,,2,2,7,1,0,1,0,1,1,,0,1,0.14,0,,
https://www.ups.com/us/en/support/tracking-support/where-is-my-package/how-to-use-infonotice,support,support,ok,0,,2,2,5,1,0,1,0,1,1,,0,1,0.38,0,,
https://www.ups.com/us/en/support/tracking-support/where-is-my-package/understanding-tracking-status,support,support,ok,0,,2,2,4,1,0,1,0,1,1,,0,1,0.2,0,,
https://www.ups.com/us/en/business-solutions/grow-your-business-solutions/expand-internationally/regulatory-compliance/brexit-resource-center,business-solutions,content,ok,0,,2,5,1,1,0,1,0,1,1,,0,1,0.05,0,,
https://www.ups.com/us/en/support/shipping-support/legal-terms-conditions/privacy-notice-addendum,support,support,ok,0,,2,5,1,1,0,1,0,1,1,,0,1,0.39,0,,
https://www.ups.com/us/en/support/shipping-support/legal-terms-conditions/ups-service-guarantee,support,support,ok,0,,2,4,3,1,0,1,0,1,1,,0,1,0.18,0,,
https://www.ups.com/us/en/support/shipping-support/legal-terms-conditions/ups-sms-tnc,support,support,ok,0,,2,3,2,1,1,1,1,1,1,,0,1,0.23,0,,
https://www.ups.com/us/en/support/shipping-support/legal-terms-conditions/ups-smscs-tnc,support,support,ok,0,,2,5,1,1,1,1,1,1,1,,0,1,0.18,0,,
https://www.ups.com/us/en/support/shipping-support/legal-terms-conditions/verification-of-insurance,support,support,ok,0,,2,5,1,1,0,1,0,1,1,,0,0,0.59,0,,
https://www.ups.com/us/en/support/shipping-support/shipping-special-care-regulated-items/hazardous-materials-guide,support,support,ok,0,,2,2,40,1,0,1,0,1,1,,0,0,0.56,0,,
https://www.ups.com/us/en/support/shipping-support/shipping-special-care-regulated-items/hazardous-materials-guide/how-to-ship-ammunition,support,support,ok,0,,2,3,7,1,0,1,0,1,1,,0,1,0.33,0,,
https://www.ups.com/us/en/support/shipping-support/shipping-special-care-regulated-items/prohibited-items/hemp-cbd-marijuana,support,support,ok,0,,2,3,4,1,0,1,0,1,1,,0,1,0.23,0,,
https://www.ups.com/us/en/support/shipping-support/shipping-special-care-regulated-items/prohibited-items/plants-and-animals,support,support,ok,0,,2,3,4,1,0,1,0,1,1,,0,1,0.46,0,,
https://www.ups.com/us/en/support/shipping-support/shipping-special-care-regulated-items/prohibited-items/tobacco,support,support,ok,0,,2,3,5,1,0,1,0,1,1,,0,1,0.38,0,,
https://solutions.ups.com/email-communications-ushc-page.html,email-communications-ushc-page,other,robots,0,,3,5,141,0,0,0,0,0,0,,0,0,0.0,0,,
https://www.ups.com/us/en/healthcare/aboutus,healthcare,corporate,ok,0,,2,5,141,1,0,1,0,1,1,,0,1,0.49,0,,
https://www.ups.com/us/en/healthcare/expertise/how-it-works-videos,healthcare,other,ok,0,,3,,140,1,0,1,0,1,1,,0,1,0.5,0,,
https://www.ups.com/us/en/healthcare/expertise/north-american-network,healthcare,other,ok,0,,3,,140,1,0,1,0,1,1,,0,1,0.23,0,,
https://www.ups.com/us/en/healthcare/expertise/ups-healthcare-glossary,healthcare,other,ok,0,,3,,140,1,0,1,0,1,1,,0,0,2.5,0,,
https://www.ups.com/us/en/healthcare/global,healthcare,other,ok,0,,3,,140,1,0,1,0,1,1,,0,1,0.29,0,,
https://www.ups.com/us/en/healthcare/global-network,healthcare,other,ok,0,,2,4,141,1,0,1,0,1,1,,0,0,29.27,0,,
https://www.ups.com/us/en/healthcare/learning-center/article-list,healthcare,content,ok,0,,3,6,140,1,0,1,0,1,1,,0,0,0.72,0,,
https://www.ups.com/us/en/healthcare/learning-center/articles/nearshoring-guide,healthcare,content,ok,0,,3,4,8,1,0,1,0,1,1,,0,0,0.69,0,,
https://www.ups.com/us/en/healthcare/learning-center/blog,healthcare,content,ok,0,,3,,140,1,0,1,0,1,1,,0,0,0.6,0,,
https://www.ups.com/us/en/healthcare/learning-center/blog/glp-1-medications,healthcare,content,ok,0,,3,4,5,1,0,1,0,1,1,,0,0,0.6,0,,
https://www.ups.com/us/en/healthcare/learning-center/case-studies,healthcare,content,ok,0,,3,6,140,1,0,1,0,1,1,,0,0,0.51,0,,
https://www.ups.com/us/en/healthcare/learning-center/guides/pickup-point-home,healthcare,content,ok,0,,3,5,140,1,0,1,0,1,1,,0,1,0.38,0,,
https://www.ups.com/us/en/healthcare/news,healthcare,content,ok,0,,2,6,141,1,0,1,0,1,1,BreadcrumbList,1,1,0.32,0,,
https://www.ups.com/us/en/healthcare/news/press-releases/lablink-launch,healthcare,content,ok,0,,3,4,7,1,0,1,0,1,1,,0,0,0.57,0,,
https://www.ups.com/us/en/healthcare/news/press-releases/ups-invests-global-cold-chain-networks,healthcare,content,ok,0,,3,4,3,1,0,1,0,1,1,,0,0,0.51,0,,
https://www.ups.com/us/en/healthcare/other/askanexpert,healthcare,other,ok,0,,2,4,143,1,0,1,0,1,1,,0,0,1.22,0,,
https://www.ups.com/us/en/healthcare/other/contact-us,healthcare,support,ok,0,,3,5,140,1,0,1,0,1,1,,0,1,0.34,0,,
https://www.ups.com/us/en/healthcare/other/login,healthcare,account,ok,0,,3,,140,1,0,1,0,1,1,,0,0,0.64,0,,
https://www.ups.com/us/en/healthcare/solutions/biopharma,healthcare,product/service,ok,0,,3,4,141,1,0,1,0,1,1,,0,0,0.53,0,,
https://www.ups.com/us/en/healthcare/solutions/coldchain,healthcare,product/service,ok,0,,2,4,144,1,0,1,0,1,1,,0,0,0.79,0,,
https://www.ups.com/us/en/healthcare/solutions/globalfreightforwarding,healthcare,product/service,ok,0,,3,4,140,1,0,1,0,1,1,,0,0,0.95,0,,
https://www.ups.com/us/en/healthcare/solutions/home-health,healthcare,product/service,ok,0,,3,4,140,1,0,1,0,1,1,,0,1,0.46,0,,
https://www.ups.com/us/en/healthcare/solutions/labdiagnostics,healthcare,product/service,ok,0,,3,4,140,1,0,1,0,1,1,,0,0,0.59,0,,
https://www.ups.com/us/en/healthcare/solutions/medicaldevices,healthcare,product/service,ok,0,,3,4,141,1,0,1,0,1,1,,0,1,0.42,0,,
https://www.ups.com/us/en/healthcare/solutions/pharma,healthcare,product/service,ok,0,,3,4,141,1,0,1,0,1,1,,0,0,0.61,0,,
https://www.ups.com/us/en/healthcare/solutions/quality-assurance,healthcare,product/service,ok,0,,3,4,140,1,0,1,0,1,1,,0,0,0.55,0,,
https://www.ups.com/us/en/healthcare/solutions/sustainability,healthcare,corporate,ok,0,,3,4,140,1,0,1,0,1,1,,0,0,0.69,0,,
https://www.ups.com/us/en/healthcare/solutions/symphony-ups-healthcare,healthcare,product/service,ok,0,,2,4,142,1,0,1,0,1,1,,0,0,0.64,0,,
https://www.ups.com/us/en/healthcare/solutions/transportation-management,healthcare,product/service,ok,0,,3,4,140,1,0,1,0,1,1,,0,0,0.55,0,,
https://www.ups.com/us/en/healthcare/solutions/ups-healthtech,healthcare,product/service,ok,0,,3,,140,1,0,1,0,1,1,,0,0,1.14,0,,
https://www.ups.com/us/en/healthcare/solutions/ups-mobile-app,healthcare,product/service,ok,0,,3,,140,1,0,1,0,1,1,,0,0,0.56,0,,
https://www.ups.com/us/en/healthcare/solutions/ups-premier,healthcare,product/service,ok,0,,2,4,145,1,0,1,0,1,1,,0,0,0.69,0,,
https://www.ups.com/us/en/healthcare/solutions/warehousinganddistribution,healthcare,product/service,ok,0,,3,4,141,1,0,1,0,1,1,,0,0,1.22,0,,
https://www.ups.com/us/en/supplychain/tools/innovation-technology/symphony,supplychain,tool,ok,0,,3,4,10,1,0,1,0,1,1,,0,0,0.99,0,,
https://www.ups.com/us/en/supplychain/about/customer-stories/brightstar,supplychain,content,ok,0,,4,6,2,1,0,1,0,1,1,,0,1,0.32,0,,
https://www.ups.com/us/en/supplychain/about/customer-stories/grover,supplychain,content,ok,0,,4,7,1,1,0,1,0,1,1,,0,1,0.27,0,,
https://www.ups.com/us/en/supplychain/about/customer-stories/japan-airlines,supplychain,content,ok,0,,4,6,3,1,0,1,0,1,1,,0,1,0.39,0,,
https://www.ups.com/us/en/supplychain/about/customer-stories/k12,supplychain,content,ok,0,,4,7,1,1,0,1,0,1,1,,0,1,0.37,0,,
https://www.ups.com/us/en/supplychain/about/customer-stories/overstock,supplychain,content,ok,0,,4,6,3,1,0,1,0,1,1,,0,1,0.33,0,,
https://www.ups.com/us/en/supplychain/about/customer-stories/sealed-air,supplychain,content,ok,0,,4,6,4,1,0,1,0,1,1,,0,1,0.39,0,,
https://www.ups.com/us/en/support/shipping-support/legal-terms-conditions/ups-takes-action-against-fraud,support,support,ok,0,,3,6,1,1,0,1,0,1,1,,0,1,0.22,0,,
https://www.ups.com/us/en/supplychain/about/industry-expertise/aerospace,supplychain,corporate,ok,0,,4,5,2,1,0,1,0,1,1,,0,1,0.34,0,,
https://www.ups.com/us/en/supplychain/about/industry-expertise/automotive,supplychain,corporate,ok,0,,4,5,1,1,0,1,0,1,1,,0,1,0.34,0,,
https://www.ups.com/us/en/supplychain/about/industry-expertise/ecommerce,supplychain,corporate,ok,0,,4,5,2,1,0,1,1,1,1,,0,1,0.28,0,,
https://www.ups.com/us/en/supplychain/about/industry-expertise/healthcare,supplychain,corporate,ok,0,,4,5,3,1,0,1,0,1,1,,0,1,0.35,0,,
https://www.ups.com/us/en/supplychain/about/industry-expertise/high-tech,supplychain,corporate,ok,0,,4,5,1,1,0,1,0,1,1,,0,1,0.43,0,,
https://www.ups.com/us/en/supplychain/about/industry-expertise/industrial-products,supplychain,corporate,ok,0,,4,5,2,1,0,1,1,1,1,,0,1,0.32,0,,
https://www.ups.com/us/en/supplychain/about/industry-expertise/retail,supplychain,corporate,ok,0,,4,5,1,1,0,1,0,1,1,,0,1,0.35,0,,
https://www.ups.com/us/en/supplychain/freight/european-trade-routes,supplychain,product/service,ok,0,,3,4,1,1,0,1,0,1,1,,0,0,0.51,0,,
https://www.ups.com/us/en/supplychain/freight/freight-shipping-guide,supplychain,content,ok,0,,3,4,24,1,0,1,0,1,1,,0,0,0.76,0,,
https://www.ups.com/us/en/supplychain/freight/nearshoring-guide,supplychain,content,ok,0,,3,4,6,1,0,1,0,1,1,,0,0,0.66,0,,
https://www.ups.com/us/en/supplychain/resources/glossary-term/dimensional-weight,supplychain,content,ok,0,,3,4,6,1,0,1,0,1,1,,0,1,0.22,0,,
https://www.ups.com/us/en/supplychain/resources/glossary-term/freight-forwarder,supplychain,content,ok,0,,3,4,7,1,0,1,0,1,1,,0,1,0.24,0,,
https://www.ups.com/us/en/supplychain/resources/glossary-term/nvocc,supplychain,content,ok,0,,3,4,3,1,0,1,0,1,1,,0,1,0.26,0,,
https://www.ups.com/us/en/supplychain/resources/news-and-market-updates/navigating-global-tariffs,supplychain,content,ok,0,,3,3,11,1,0,1,0,1,1,Answer|FAQPage|Question,1,0,0.63,0,,
https://www.ups.com/us/en/supplychain/freight/air-freight/air-freight-shipping-guide,supplychain,content,ok,0,,3,4,7,1,0,1,0,1,1,,0,0,0.7,0,,
https://www.ups.com/us/en/supplychain/tools/innovation-technology/freight-technology-solutions,supplychain,tool,ok,0,,3,4,6,1,0,1,0,1,1,,0,0,0.51,0,,
https://www.ups.com/us/en/support/shipping-support/shipping-special-care-regulated-items,support,support,ok,0,,2,2,55,1,0,1,0,1,1,,0,1,0.22,0,,
https://www.ups.com/us/en/supplychain/resources/glossary-term/consignee,supplychain,content,ok,0,,4,4,24,1,0,1,0,1,1,,0,1,0.23,0,,
https://www.ups.com/us/en/supplychain/tools/innovation-technology/freight-electronic-data-exchange,supplychain,tool,ok,0,,4,5,2,1,0,1,0,1,1,,0,1,0.42,1,,
https://www.ups.com/us/en/supplychain/freight/ocean/ocean-freight-shipping-guide,supplychain,content,ok,0,,3,5,11,1,0,1,0,1,1,,0,0,0.58,0,,
https://www.ups.com/us/en/supplychain/logistics-solutions/customs-brokerage/reduce-import-duties,supplychain,product/service,ok,0,,3,3,6,1,0,1,0,1,1,,0,1,0.36,0,,
https://www.ups.com/us/en/supplychain/resources/news-and-market-updates/quarterly-freight-and-logistics-trends,supplychain,content,ok,0,,3,4,7,1,0,1,0,1,1,,0,0,0.79,0,,
https://www.ups.com/us/en/supplychain/logistics-solutions/customs-brokerage/customs-clearance-guide,supplychain,content,ok,0,,3,3,12,1,0,1,0,1,1,,0,0,0.71,0,,
https://www.ups.com/us/en/supplychain/logistics-solutions/customs-brokerage/duty-drawback-guide,supplychain,content,ok,0,,3,3,3,1,0,1,0,1,1,Answer|FAQPage|Question,1,0,0.6,0,,
https://www.ups.com/us/en/supplychain/logistics-solutions/customs-brokerage/foreign-trade-zones,supplychain,product/service,ok,0,,3,3,10,1,0,1,0,1,1,Answer|FAQPage|Question,1,0,0.52,0,,
https://www.ups.com/us/en/supplychain/logistics-solutions/customs-brokerage/importers-guide-to-hts-codes,supplychain,content,ok,0,,3,3,10,1,0,1,0,1,1,Answer|FAQPage|Question,1,0,0.69,0,,
https://www.ups.com/us/en/supplychain/resources/glossary-term/customs-broker,supplychain,content,ok,0,,3,3,14,1,0,1,0,1,1,,0,1,0.27,0,,
https://www.ups.com/us/en/supplychain/resources/glossary-term/value-added-tax,supplychain,content,ok,0,,3,3,4,1,0,1,0,1,1,,0,1,0.23,0,,
https://www.ups.com/us/en/supplychain/resources/news-and-market-updates/import-control-system-2,supplychain,content,ok,0,,3,3,2,1,0,1,0,1,1,Answer|FAQPage|Question,1,0,0.6,0,,
https://www.ups.com/us/en/supplychain/tools/surcharges/brokerage-general-rates,supplychain,tool,ok,0,,3,3,2,1,0,1,0,1,1,,0,1,0.19,0,,
https://www.ups.com/us/en/supplychain/logistics-solutions/distribution/outsourcing-fulfillment-guide,supplychain,content,ok,0,,3,4,3,1,0,1,0,1,1,,0,0,1.08,0,,
https://www.ups.com/us/en/business-solutions/business-shipping-tools/worldship/worldship-support,business-solutions,support,ok,0,,2,4,5,1,0,1,0,1,1,,0,0,0.5,0,,
https://www.ups.com/us/en/supplychain/logistics-solutions/post-sales-logistics/future-of-service-parts-logistics,supplychain,product/service,ok,0,,3,5,4,1,0,1,0,1,1,,0,1,0.47,0,,
https://www.ups.com/us/en/supplychain/resources/glossary-term/reverse-logistics,supplychain,content,ok,0,,4,5,2,1,0,1,0,1,1,,0,1,0.12,0,,
https://www.ups.com/us/en/supplychain/resources/news-and-market-updates/market-update-march-18-2026,supplychain,content,ok,0,,3,4,2,1,0,1,0,1,1,,0,0,0.73,0,,
https://www.ups.com/us/en/supplychain/resources/glossary-term/air-freight,supplychain,content,ok,0,,4,6,2,1,0,1,0,1,1,,0,1,0.27,0,,
https://www.ups.com/us/en/supplychain/resources/glossary-term/air-waybill,supplychain,content,ok,0,,4,6,6,1,0,1,0,1,1,,0,1,0.28,0,,
https://www.ups.com/us/en/supplychain/resources/glossary-term/bill-of-lading,supplychain,content,ok,0,,4,5,12,1,0,1,0,1,1,,0,1,0.23,0,,
https://www.ups.com/us/en/supplychain/resources/glossary-term/blank-sailing,supplychain,content,ok,0,,4,5,3,1,0,1,0,1,1,,0,1,0.36,0,,
https://www.ups.com/us/en/supplychain/resources/glossary-term/bulk-cargo,supplychain,content,ok,0,,4,5,3,1,0,1,0,1,1,,0,1,0.21,0,,
https://www.ups.com/us/en/supplychain/resources/glossary-term/cargo-insurance,supplychain,content,ok,0,,4,5,7,1,0,1,0,1,1,,0,1,0.27,0,,
https://www.ups.com/us/en/supplychain/resources/glossary-term/carriage-and-insurance-paid-to,supplychain,content,ok,0,,4,4,5,1,0,1,0,1,1,,0,1,0.29,0,,
https://www.ups.com/us/en/supplychain/resources/glossary-term/carriage-paid-to,supplychain,content,ok,0,,4,4,4,1,0,1,0,1,1,,0,1,0.38,0,,
https://www.ups.com/us/en/supplychain/resources/glossary-term/chargeable-weight,supplychain,content,ok,0,,4,5,4,1,0,1,0,1,1,,0,1,0.26,0,,
https://www.ups.com/us/en/supplychain/resources/glossary-term/cold-chain,supplychain,content,ok,0,,4,6,1,1,0,1,0,1,1,,0,1,0.23,0,,
https://www.ups.com/us/en/supplychain/resources/glossary-term/consignment-note,supplychain,content,ok,0,,4,6,3,1,0,1,0,1,1,,0,1,0.17,0,,
https://www.ups.com/us/en/supplychain/resources/glossary-term/consignor,supplychain,content,ok,0,,4,4,19,1,0,1,0,1,1,,0,1,0.22,0,,
https://www.ups.com/us/en/supplychain/resources/glossary-term/cost-and-freight,supplychain,content,ok,0,,4,4,5,1,0,1,0,1,1,,0,1,0.34,0,,
https://www.ups.com/us/en/supplychain/resources/glossary-term/cost-insurance-and-freight,supplychain,content,ok,0,,4,4,4,1,0,1,0,1,1,,0,1,0.29,0,,
https://www.ups.com/us/en/supplychain/resources/glossary-term/cubic-meter,supplychain,content,ok,0,,4,6,3,1,0,1,0,1,1,,0,1,0.22,0,,
https://www.ups.com/us/en/supplychain/resources/glossary-term/customs-bond,supplychain,content,ok,0,,4,4,7,1,0,1,0,1,1,,0,1,0.34,0,,
https://www.ups.com/us/en/supplychain/resources/glossary-term/customs-clearance-fee,supplychain,content,ok,0,,4,4,6,1,0,1,0,1,1,,0,1,0.22,0,,
https://www.ups.com/us/en/supplychain/resources/glossary-term/customs-value,supplychain,content,ok,0,,4,4,5,1,0,1,0,1,1,,0,1,0.25,0,,
https://www.ups.com/us/en/supplychain/resources/glossary-term/delivered-at-place,supplychain,content,ok,0,,4,4,5,1,0,1,0,1,1,,0,1,0.35,0,,
https://www.ups.com/us/en/supplychain/resources/glossary-term/delivered-at-place-unloaded,supplychain,content,ok,0,,4,4,5,1,0,1,0,1,1,,0,1,0.28,0,,
https://www.ups.com/us/en/supplychain/resources/glossary-term/delivered-duty-paid,supplychain,content,ok,0,,4,4,5,1,0,1,0,1,1,,0,1,0.36,0,,
https://www.ups.com/us/en/supplychain/resources/glossary-term/demurrage,supplychain,content,ok,0,,4,6,5,1,0,1,0,1,1,,0,1,0.27,0,,
https://www.ups.com/us/en/supplychain/resources/glossary-term/destination-terminal-handling-charges,supplychain,content,ok,0,,4,6,1,1,0,1,0,1,1,,0,1,0.18,0,,
https://www.ups.com/us/en/supplychain/resources/glossary-term/detention,supplychain,content,ok,0,,4,5,5,1,0,1,0,1,1,,0,1,0.22,0,,
https://www.ups.com/us/en/supplychain/resources/glossary-term/dim-weight,supplychain,content,ok,0,,4,5,4,1,0,1,0,1,1,,0,1,0.18,0,,
https://www.ups.com/us/en/supplychain/resources/glossary-term/dispatch-note,supplychain,content,ok,0,,4,6,2,1,0,1,0,1,1,,0,1,0.18,0,,
https://www.ups.com/us/en/supplychain/resources/glossary-term/drayage,supplychain,content,ok,0,,4,6,4,1,0,1,0,1,1,,0,1,0.21,0,,
https://www.ups.com/us/en/supplychain/resources/glossary-term/drayage-charge,supplychain,content,ok,0,,4,6,3,1,0,1,0,1,1,,0,1,0.18,0,,
https://www.ups.com/us/en/supplychain/resources/glossary-term/ex-works,supplychain,content,ok,0,,4,4,4,1,0,1,0,1,1,,0,1,0.4,0,,
https://www.ups.com/us/en/supplychain/resources/glossary-term/exporter,supplychain,content,ok,0,,4,5,4,1,0,1,0,1,1,,0,1,0.19,0,,
https://www.ups.com/us/en/supplychain/resources/glossary-term/fiscal-representative,supplychain,content,ok,0,,4,4,2,1,0,1,0,1,1,,0,1,0.2,0,,
https://www.ups.com/us/en/supplychain/resources/glossary-term/foreign-trade-zone,supplychain,content,ok,0,,4,4,2,1,0,1,0,1,1,,0,1,0.29,0,,
https://www.ups.com/us/en/supplychain/resources/glossary-term/free-alongside-ship,supplychain,content,ok,0,,4,4,4,1,0,1,0,1,1,,0,1,0.34,0,,
https://www.ups.com/us/en/supplychain/resources/glossary-term/free-carrier,supplychain,content,ok,0,,4,4,6,1,0,1,0,1,1,,0,1,0.35,0,,
https://www.ups.com/us/en/supplychain/resources/glossary-term/free-on-board,supplychain,content,ok,0,,4,4,6,1,0,1,0,1,1,,0,1,0.41,0,,
https://www.ups.com/us/en/supplychain/resources/glossary-term/freight-class,supplychain,content,ok,0,,4,6,2,1,0,1,0,1,1,,0,1,0.25,0,,
https://www.ups.com/us/en/supplychain/resources/glossary-term/freight-insurance,supplychain,content,ok,0,,4,6,2,1,0,1,0,1,1,,0,1,0.17,0,,
https://www.ups.com/us/en/supplychain/resources/glossary-term/fuel-surcharge,supplychain,content,ok,0,,4,4,2,1,0,1,0,1,1,,0,1,0.18,0,,
https://www.ups.com/us/en/supplychain/resources/glossary-term/full-container-load,supplychain,content,ok,0,,4,6,8,1,0,1,0,1,1,,0,1,0.23,0,,
https://www.ups.com/us/en/supplychain/resources/glossary-term/hc-container,supplychain,content,ok,0,,4,6,1,1,0,1,0,1,1,,0,1,0.19,0,,
https://www.ups.com/us/en/supplychain/resources/glossary-term/hs-code,supplychain,content,ok,0,,4,4,3,1,0,1,0,1,1,,0,1,0.28,0,,
https://www.ups.com/us/en/supplychain/resources/glossary-term/hts-code,supplychain,content,ok,0,,4,5,2,1,0,1,0,1,1,,0,1,0.26,0,,
https://www.ups.com/us/en/supplychain/resources/glossary-term/importer-of-record,supplychain,content,ok,0,,4,5,5,1,0,1,0,1,1,,0,1,0.23,0,,
https://www.ups.com/us/en/supplychain/resources/glossary-term/incoterms,supplychain,content,ok,0,,3,3,14,1,0,1,0,1,1,,0,1,0.38,0,,
https://www.ups.com/us/en/supplychain/resources/glossary-term/intermodal-transport,supplychain,content,ok,0,,4,6,3,1,0,1,0,1,1,,0,1,0.2,0,,
https://www.ups.com/us/en/supplychain/resources/glossary-term/known-shipper,supplychain,content,ok,0,,4,6,1,1,0,1,0,1,1,,0,1,0.29,0,,
https://www.ups.com/us/en/supplychain/resources/glossary-term/lading,supplychain,content,ok,0,,4,6,1,1,0,1,0,1,1,,0,1,0.18,0,,
https://www.ups.com/us/en/supplychain/resources/glossary-term/less-than-container-load,supplychain,content,ok,0,,4,5,8,1,0,1,0,1,1,,0,1,0.27,0,,
https://www.ups.com/us/en/supplychain/resources/glossary-term/letter-of-indemnity,supplychain,content,ok,0,,4,6,1,1,0,1,0,1,1,,0,1,0.35,0,,
https://www.ups.com/us/en/supplychain/resources/glossary-term/marine-cargo-insurance,supplychain,content,ok,0,,4,6,3,1,0,1,0,1,1,,0,1,0.2,0,,
https://www.ups.com/us/en/supplychain/resources/glossary-term/merged-d-and-d,supplychain,content,ok,0,,4,6,1,1,0,1,0,1,1,,0,1,0.2,0,,
https://www.ups.com/us/en/supplychain/resources/glossary-term/multimodal-transport,supplychain,content,ok,0,,4,5,9,1,0,1,0,1,1,,0,1,0.22,0,,
https://www.ups.com/us/en/supplychain/resources/glossary-term/notify-party,supplychain,content,ok,0,,4,6,3,1,0,1,0,1,1,,0,1,0.2,0,,
https://www.ups.com/us/en/supplychain/resources/glossary-term/ocean-freight,supplychain,content,ok,0,,4,6,2,1,0,1,0,1,1,,0,1,0.19,0,,
https://www.ups.com/us/en/supplychain/resources/glossary-term/packing-list,supplychain,content,ok,0,,4,6,1,1,0,1,0,1,1,,0,1,0.19,0,,
https://www.ups.com/us/en/supplychain/resources/glossary-term/pallet,supplychain,content,ok,0,,4,6,3,1,0,1,0,1,1,,0,1,0.19,0,,
https://www.ups.com/us/en/supplychain/resources/glossary-term/palletization,supplychain,content,ok,0,,4,6,4,1,0,1,0,1,1,,0,1,0.19,0,,
https://www.ups.com/us/en/supplychain/resources/glossary-term/sea-waybill,supplychain,content,ok,0,,4,6,4,1,0,1,0,1,1,,0,1,0.2,0,,
https://www.ups.com/us/en/supplychain/resources/glossary-term/shippers-letter-of-instruction,supplychain,content,ok,0,,4,5,4,1,0,1,0,1,1,,0,1,0.24,0,,
https://www.ups.com/us/en/supplychain/resources/glossary-term/teu-container,supplychain,content,ok,0,,4,6,1,1,0,1,0,1,1,,0,1,0.22,0,,
https://www.ups.com/us/en/supplychain/resources/glossary-term/transloading,supplychain,content,ok,0,,4,6,1,1,0,1,0,1,1,,0,1,0.18,0,,
https://www.ups.com/us/en/supplychain/resources/glossary-term/uniform-commercial-code,supplychain,content,ok,0,,4,6,1,1,0,1,0,1,1,,0,1,0.23,0,,
https://www.ups.com/us/en/supplychain/resources/glossary-term/unit-load-device,supplychain,content,ok,0,,4,6,2,1,0,1,0,1,1,,0,1,0.21,0,,
https://www.ups.com/us/en/supplychain/resources/glossary-term/wharfage,supplychain,content,ok,0,,4,6,3,1,0,1,0,1,1,,0,1,0.19,0,,
https://www.ups.com/us/en/supplychain/logistics-solutions/customs-brokerage/foreign-trade-zones/benefits-of-foreign-trade-zones,supplychain,product/service,ok,0,,3,4,4,1,0,1,0,1,1,,0,1,0.47,0,,
https://www.ups.com/us/en/supplychain/resources/guides-and-white-papers/five-ways-to-avoid-international-shipping-delays,supplychain,content,ok,0,,3,5,1,1,0,1,0,1,1,,0,0,0.53,0,,
https://www.ups.com/us/en/supplychain/resources/news-and-market-updates/2024-freight-industry-outlook,supplychain,content,ok,0,,3,4,1,1,0,1,0,1,1,,0,0,0.57,0,,
https://www.ups.com/us/en/supplychain/resources/news-and-market-updates/2024-gartner-award-3pl,supplychain,content,ok,0,,3,4,2,1,0,1,0,1,1,,0,1,0.39,0,,
https://www.ups.com/us/en/supplychain/resources/news-and-market-updates/carbon-border-adjustment-mechanism-cbam,supplychain,content,ok,0,,3,4,1,1,0,1,0,1,1,,0,1,0.48,0,,
https://www.ups.com/us/en/supplychain/resources/news-and-market-updates/market-update-december-17-2025,supplychain,content,ok,0,,3,4,1,1,0,1,0,1,1,,0,0,0.69,0,,
https://www.ups.com/us/en/supplychain/resources/news-and-market-updates/market-update-february-18-2026,supplychain,content,ok,0,,3,4,1,1,0,1,0,1,1,,0,0,0.7,0,,
https://www.ups.com/us/en/supplychain/resources/news-and-market-updates/market-update-february-4-2026,supplychain,content,ok,0,,3,4,1,1,0,1,0,1,1,,0,0,0.7,0,,
https://www.ups.com/us/en/supplychain/resources/news-and-market-updates/market-update-january-21-2026,supplychain,content,ok,0,,3,4,1,1,0,1,0,1,1,,0,0,0.61,0,,
https://www.ups.com/us/en/supplychain/resources/news-and-market-updates/market-update-january-7-2026,supplychain,content,ok,0,,3,4,1,1,0,1,0,1,1,,0,0,0.68,0,,
https://www.ups.com/us/en/supplychain/resources/news-and-market-updates/market-update-march-4-2026,supplychain,content,ok,0,,3,4,1,1,0,1,0,1,1,,0,0,0.72,0,,
https://www.ups.com/us/en/supplychain/resources/news-and-market-updates/preparing-for-peak-season-2023,supplychain,content,ok,0,,3,4,1,1,0,1,0,1,1,,0,0,0.56,0,,
https://www.ups.com/us/en/supplychain/resources/news-and-market-updates/what-to-expect-during-lunar-new-year,supplychain,content,ok,0,,3,4,1,1,0,1,0,1,1,,0,0,0.55,0,,
https://www.ups.com/us/en/supplychain/resources/news-and-market-updates/2026-supply-chain-outlook,supplychain,content,ok,0,,3,3,5,1,0,1,0,1,0,,0,0,0.68,0,,
https://www.ups.com/us/en/support/shipping-support/legal-terms-conditions/us-mexico-canada-trade-agreement,support,support,ok,0,,3,3,1,1,0,1,0,1,1,,0,1,0.37,0,,
https://www.ups.com/us/en/supplychain/resources/webinars/ace-tutorial,supplychain,content,ok,0,,4,5,1,1,0,1,0,1,1,,0,1,0.37,0,,
https://www.ups.com/us/en/supplychain/freight/chargeable-and-volumetric-weight-calculator,supplychain,tool,ok,0,,3,5,3,1,0,1,0,1,1,,0,0,4.1,0,,
https://www.ups.com/us/en/supplychain/gemini,supplychain,other,ok,0,,3,5,1,1,0,1,0,1,1,,0,1,0.08,0,,
https://www.ups.com/us/en/supplychain/tools/quickzip,supplychain,tool,ok,0,,3,5,1,1,0,1,0,1,1,,0,0,0.88,0,,
https://www.ups.com/us/en/business-solutions/business-shipping-tools/ups-campusship,business-solutions,tool,ok,0,,2,4,3,1,0,1,0,1,1,Answer|FAQPage|Question,1,1,0.34,0,,
https://www.ups.com/us/en/business-solutions/business-shipping-tools/worldship,business-solutions,tool,ok,0,,2,3,11,1,0,1,0,1,1,,0,1,0.26,0,,
https://www.ups.com/us/en/support/shipping-support/shipping-costs-rates/air-freight,support,support,ok,0,,2,2,2,1,0,1,0,1,1,,0,1,0.08,0,,
https://about.ups.com/us/en/newsroom/press-releases/customer-first/ups-supply-chain-symphony.html,newsroom,content,ok,0,,4,6,2,1,0,1,0,1,1,,0,0,0.62,0,,
https://about.ups.com/us/en/our-stories/customer-first/board-game-maker-cephalofair-finds-the-perfect-shipping-partner-.html,our-stories,content,ok,0,,2,5,2,1,0,1,0,1,1,VideoList|VideoObject,1,1,0.39,0,,
https://www.ups.com/us/en/business-solutions/expand-your-online-business/upgrade-digital-technology/developer-resource-center,business-solutions,content,ok,0,,2,5,3,1,0,1,0,1,1,,0,1,0.11,0,,
https://www.ups.com/us/en/business-solutions/expand-your-online-business/upgrade-digital-technology/ups-electronic-data-interchange,business-solutions,product/service,ok,0,,2,4,4,1,0,1,0,1,1,,0,1,0.16,0,,
https://www.ups.com/us/en/business-solutions/expand-your-online-business/ups-digital-connections,business-solutions,product/service,ok,0,,2,4,6,1,1,1,1,1,1,,0,1,0.21,0,,
https://www.ups.com/us/en/support/manage-your-profile/stay-connected,support,account,ok,0,,2,2,5,1,0,1,0,1,1,,0,1,0.4,0,,
https://about.ups.com/us/en/our-stories/customer-first/smarter-supply-chains-start-here-with-ups-expertise-leading-th.html,our-stories,content,ok,0,,2,5,2,1,0,1,0,1,1,,0,1,0.48,0,,
https://solutions.ups.com/global-checkout-ussp-page.html,global-checkout-ussp-page,other,robots,0,,2,2,5,0,0,0,0,0,0,,0,0,0.0,0,,
https://www.ups.com/us/en/business-solutions/grow-your-business-solutions/expand-internationally/regulatory-compliance,business-solutions,product/service,ok,0,,2,2,11,1,0,1,0,1,1,,0,1,0.43,0,,
https://www.ups.com/us/en/business-solutions/grow-your-business-solutions/expand-internationally/ups-worldwide-economy,business-solutions,product/service,ok,0,,2,2,5,1,0,1,0,1,1,,0,1,0.29,0,yes,2.0
https://www.ups.com/us/en/shipping/how-to-ship-internationally,shipping,product/service,ok,0,,2,2,14,1,0,1,0,1,1,,0,1,0.39,0,,
https://www.ups.com/us/en/support/international-tools-resources/international-forms-certificates,support,support,ok,0,,2,2,13,1,0,1,0,1,1,,0,1,0.37,0,,
https://www.ups.com/us/en/support/international-tools-resources/understanding-customs,support,support,ok,0,,2,2,13,1,0,1,0,1,1,,0,1,0.5,0,,
https://www.ups.com/us/en/support/international-tools-resources/ups-import-control,support,support,ok,0,,2,3,2,1,0,1,0,1,1,,0,1,0.16,0,,
https://www.ups.com/us/en/business-solutions/pickup-dropoff-options/daily-pickup,business-solutions,product/service,ok,0,,2,2,5,1,0,1,0,1,1,,0,1,0.26,0,,
https://www.ups.com/us/en/business-solutions/pickup-dropoff-options/day-specific-pickup,business-solutions,product/service,ok,0,,2,2,5,1,0,1,0,1,1,,0,1,0.27,0,,
https://www.ups.com/us/en/business-solutions/pickup-dropoff-options/weekend-pickups-deliveries,business-solutions,product/service,ok,0,,2,2,10,1,0,1,0,1,1,Answer|FAQPage|Question,1,1,0.31,0,,
https://www.ups.com/us/en/business-solutions/open-an-account,business-solutions,product/service,ok,0,,2,3,6,1,0,1,0,1,1,,0,1,0.35,0,,
https://www.ups.com/us/en/customized-shipping-logistic-services/automotive-logistic-services,customized-shipping-logistic-services,product/service,ok,0,,2,3,1,1,0,1,0,1,1,,0,1,0.34,0,yes,25.0
https://www.ups.com/us/en/customized-shipping-logistic-services/direct-to-consumer-shipping-logistics-solutions,customized-shipping-logistic-services,product/service,ok,0,,2,3,1,1,0,1,0,1,1,,0,1,0.25,0,yes,16.0
https://www.ups.com/us/en/customized-shipping-logistic-services/heavy-consumer-goods-shipping-logistics-solutions,customized-shipping-logistic-services,product/service,ok,0,,2,3,1,1,0,1,0,1,1,,0,1,0.22,0,,
https://www.ups.com/us/en/customized-shipping-logistic-services/high-tech-logistic-services,customized-shipping-logistic-services,product/service,ok,0,,2,3,1,1,0,1,0,1,1,,0,1,0.36,0,yes,4.0
https://www.ups.com/us/en/customized-shipping-logistic-services/industrial-logistic-services,customized-shipping-logistic-services,product/service,ok,0,,2,3,1,1,0,1,0,1,1,,0,1,0.41,0,yes,27.0
https://www.ups.com/us/en/customized-shipping-logistic-services/industry-specific-resources-and-expertise,customized-shipping-logistic-services,content,ok,0,,2,3,6,1,0,1,0,1,1,,0,0,0.58,0,yes,1.0
https://www.ups.com/us/en/customized-shipping-logistic-services/luxury-premium-goods-business-solutions,customized-shipping-logistic-services,product/service,ok,0,,2,3,15,1,0,1,0,1,1,,0,1,0.31,0,yes,5.6
https://www.ups.com/us/en/customized-shipping-logistic-services/perishable-goods-shipping-logistics-solutions,customized-shipping-logistic-services,product/service,ok,0,,2,3,1,1,0,1,0,1,1,,0,1,0.23,0,yes,1.0
https://www.ups.com/us/en/customized-shipping-logistic-services/regulated-goods-shipping-logistics-solutions,customized-shipping-logistic-services,product/service,ok,0,,2,3,2,1,0,1,0,1,1,,0,1,0.25,0,,
https://www.ups.com/us/en/customized-shipping-logistic-services/scalable-logistics-fulfillment-support-3pls,customized-shipping-logistic-services,support,ok,0,,2,3,1,1,0,1,0,1,1,,0,1,0.28,0,,
https://www.ups.com/us/en/customized-shipping-logistic-services/urgent-documents-shipping-logistics,customized-shipping-logistic-services,product/service,ok,0,,2,3,9,1,0,1,0,1,1,,0,1,0.27,0,yes,53.0
https://www.ups.com/us/en/customized-shipping-logistic-services/wholesale-logistics-services,customized-shipping-logistic-services,product/service,ok,0,,2,3,16,1,0,1,0,1,1,,0,1,0.23,0,yes,149.0
https://www.ups.com/us/en/customized-shipping-logistic-services/manufacturing-logistics-services/how-to-balance-sustainable-manufacturing-and-productivity,customized-shipping-logistic-services,corporate,ok,0,,3,4,4,1,0,1,0,1,1,,0,0,0.53,0,,
https://www.ups.com/us/en/customized-shipping-logistic-services/manufacturing-logistics-services/power-your-business-with-sustainable-warehousing,customized-shipping-logistic-services,corporate,ok,0,,3,4,4,1,0,1,0,1,1,,0,1,0.44,0,,
https://www.ups.com/us/en/support/shipping-support/id-requirements-for-tendering-shipment,support,support,ok,0,,2,4,2,1,0,1,0,1,1,,0,1,0.21,0,,
https://www.ups.com/us/en/support/shipping-support/packaging-tips,support,support,ok,0,,2,2,6,1,0,1,0,1,1,,0,1,0.41,0,,
https://www.ups.com/us/en/support/shipping-support/print-shipping-labels/how-to-write-address,support,support,ok,0,,2,3,6,1,0,1,0,1,1,,0,1,0.29,0,,
https://www.ups.com/us/en/support/shipping-support/shipping-costs-rates/flat-rate-shipping,support,support,ok,0,,2,3,5,1,0,1,0,1,1,,0,1,0.29,0,,
https://www.ups.com/us/en/support/shipping-support/shipping-dimensions-weight/avoid-additional-shipping-fees,support,support,ok,0,,2,4,2,1,0,1,0,1,1,,0,1,0.49,0,,
https://www.ups.com/us/en/support/shipping-support/shipping-dimensions-weight/shipping-heavy-items,support,support,ok,0,,2,3,4,1,0,1,0,1,1,,0,1,0.28,0,,
https://www.ups.com/us/en/support/shipping-support/shipping-special-care-regulated-items/hazardous-materials-guide/how-to-ship-batteries,support,support,ok,0,,2,3,7,1,0,1,0,1,1,,0,1,0.39,0,,
https://www.ups.com/us/en/support/shipping-support/shipping-special-care-regulated-items/hazardous-materials-guide/how-to-ship-dry-ice,support,support,ok,0,,2,3,4,1,0,1,0,1,1,,0,1,0.43,0,,
https://www.ups.com/us/en/support/shipping-support/shipping-special-care-regulated-items/prohibited-items/beer,support,support,ok,0,,2,3,5,1,0,1,0,1,1,,0,1,0.46,0,,
https://www.ups.com/us/en/support/shipping-support/shipping-special-care-regulated-items/prohibited-items/firearms,support,support,ok,0,,2,3,4,1,0,1,0,1,1,,0,1,0.36,0,,
https://www.ups.com/us/en/support/shipping-support/shipping-special-care-regulated-items/prohibited-items/food,support,support,ok,0,,2,3,2,1,0,1,0,1,1,,0,1,0.5,0,,
https://www.ups.com/us/en/support/shipping-support/shipping-special-care-regulated-items/prohibited-items/laptop,support,support,ok,0,,2,3,2,1,0,1,0,1,1,,0,1,0.31,0,,
https://www.ups.com/us/en/support/shipping-support/shipping-special-care-regulated-items/prohibited-items/spirits,support,support,ok,0,,2,3,5,1,0,1,0,1,1,,0,1,0.46,0,,
https://www.ups.com/us/en/support/shipping-support/shipping-special-care-regulated-items/prohibited-items/wine,support,support,ok,0,,2,3,5,1,0,1,0,1,1,,0,0,0.51,0,,
https://about.ups.com/us/en/our-stories/customer-first/shoppers-say-goodbye-to-surprise-tariff-expenses-with-ups-global.html,our-stories,content,ok,0,,2,2,2,1,0,1,0,1,1,,0,1,0.47,0,,
https://about.ups.com/us/en/our-stories/customer-first/welcome-to-the-next-generation-of-brokerage-services.html,our-stories,content,ok,0,,2,2,4,1,1,1,1,1,1,,0,1,0.48,0,yes,0.2
https://www.ups.com/us/en/shipping/international-shipping/commercial-invoice,shipping,product/service,ok,0,,2,2,8,1,0,1,0,1,1,,0,1,0.29,0,,
https://www.ups.com/us/en/shipping/international-shipping/glossary,shipping,product/service,ok,0,,2,2,2,1,0,1,0,1,1,,0,1,0.44,0,,
https://www.ups.com/us/en/shipping/international-shipping/international-shipping-costs,shipping,product/service,ok,0,,2,2,1,1,0,1,0,1,1,,0,1,0.31,0,,
https://about.ups.com/us/en/our-stories/customer-first/four-exporting-mistakes.html,our-stories,content,ok,0,,2,2,1,1,0,1,0,1,1,,0,1,0.44,0,yes,0.2
https://www.ups.com/us/en/shipping/international-shipping/tariffs/tariff-refunds/refund-eligible-shipments,shipping,product/service,ok,0,,2,3,2,1,0,1,0,0,1,,0,1,0.26,0,,
https://www.ups.com/us/en/shipping/international-shipping/tariffs/tariff-refunds?_gl=1%2Axheit3%2A_up%2AMQ..%2A_gs%2AMQ..&gclsrc=aw.ds,,,ok,0,,,,,1,1,1,1,1,1,,0,1,0.01,0,,
https://www.ups.com/us/en/support/glossary-of-terms,support,support,ok,0,,2,4,1,1,0,1,0,1,1,,0,0,0.87,0,,
https://www.ups.com/us/en/support/shipping-support/print-shipping-labels,support,support,ok,0,,2,3,7,1,0,1,0,1,1,,0,1,0.38,0,,
https://www.ups.com/us/en/support/shipping-support/shipping-dimensions-weight,support,support,ok,0,,2,3,4,1,0,1,0,1,1,,0,1,0.39,0,,
https://www.ups.com/us/en/support/shipping-support/shipping-services/holiday-shipping-schedule,support,support,ok,0,,2,3,4,1,0,1,0,1,1,,0,1,0.45,0,,
https://www.ups.com/us/en/support/shipping-support/shipping-special-care-regulated-items/prohibited-items,support,support,ok,0,,2,3,13,1,0,1,0,1,1,,0,0,0.54,0,,
https://www.ups.com/us/en/support/shipping-support/shipping-spotlight,support,support,ok,0,,2,4,1,1,0,1,0,1,1,,0,1,0.19,0,,
https://solutions.ups.com/consulting-services-2024-ussp-page.html,consulting-services-2024-ussp-page,product/service,robots,0,,2,3,3,0,0,0,0,0,0,,0,0,0.0,0,,
https://www.ups.com/us/en/shipping/quote,shipping,tool,ok,0,,2,2,4,1,0,1,0,0,1,,0,1,0.06,0,,
https://www.ups.com/us/en/support/shipping-support/shipping-costs-rates/daily-rates,support,support,ok,0,,2,2,2,1,0,1,0,1,1,,0,1,0.05,0,,
https://www.ups.com/us/en/support/shipping-support/shipping-services/domestic,support,support,ok,0,,2,3,4,1,0,1,0,1,1,,0,1,0.35,0,,
https://www.ups.com/us/en/support/shipping-support/shipping-services/signature-requirements,support,support,ok,0,,2,3,1,1,0,1,0,1,1,,0,1,0.44,0,,
https://www.ups.com/us/en/support/tracking-support/rfid,support,support,ok,0,,2,2,1,1,0,1,0,1,1,,0,1,0.28,0,,
https://www.ups.com/us/en/the-ups-store/about-the-ups-store,the-ups-store,corporate,ok,0,,2,4,1,1,0,1,0,1,1,,0,1,0.11,0,,
https://www.ups.com/us/en/the-ups-store/pack-and-ship/pack-ship-guarantee,the-ups-store,other,ok,0,,2,3,2,1,0,1,0,1,1,,0,1,0.23,0,,
https://www.ups.com/us/en/the-ups-store/small-business,the-ups-store,product/service,ok,0,,2,4,1,1,0,1,0,1,1,,0,1,0.13,0,,
https://about.ups.com/us/en/our-stories/customer-first/3-reasons-ups-is-going-big-on-returns.html,our-stories,content,ok,0,,2,6,1,1,0,1,0,1,1,,0,1,0.41,0,,
https://about.ups.com/us/en/our-stories/customer-first/returning-gifts-made-easy.html,our-stories,content,ok,0,,2,5,3,1,0,1,0,1,1,,0,1,0.38,0,,
https://www.ups.com/us/en/healthcare/learning-center/case-studies/exact-sciences,healthcare,content,ok,0,,2,6,9,1,0,1,0,1,1,,0,1,0.31,0,,
https://www.ups.com/us/en/healthcare/learning-center/case-studies/ilapo,healthcare,content,ok,0,,2,6,2,1,0,1,0,1,1,,0,1,0.25,0,,
https://www.ups.com/us/en/healthcare/learning-center/case-studies/lumicera,healthcare,content,ok,0,,2,5,6,1,0,1,0,1,1,,0,1,0.31,0,,
https://solutions.ups.com/preparing-for-peak-ussp-page.html,preparing-for-peak-ussp-page,other,robots,0,,3,4,13,0,0,0,0,0,0,,0,0,0.0,0,,
https://www.ups.com/us/en/customized-shipping-logistic-services/retail-store-shipping-logistic-solutions?msockid=17d8e6dda25567db33b8f36ea3c36614,customized-shipping-logistic-services,product/service,ok,0,,4,5,1,1,1,1,1,1,1,,0,1,0.27,0,,
https://www.ups.com/us/en/customized-shipping-logistic-services/wholesale-logistics-services/streamline-your-wholesale-operations-with-automation-and-ai,customized-shipping-logistic-services,product/service,ok,0,,3,4,13,1,0,1,0,1,1,,0,0,0.51,0,yes,91.0
https://solutions.ups.com/consumer-trends-ussp-page.html,consumer-trends-ussp-page,other,robots,0,,4,5,5,0,0,0,0,0,0,,0,0,0.0,0,,
https://about.ups.com/us/en/newsroom/press-releases/customer-first/interglobe-enterprises-and-ups-launch-movin-.html,newsroom,content,ok,0,,4,6,1,1,0,1,0,1,1,,0,0,0.56,0,,
https://about.ups.com/us/en/newsroom/press-releases/customer-first/ups-and-tennis-great-coco-gauff-team-up.html,newsroom,content,ok,0,,4,6,1,1,0,1,0,1,1,VideoList|VideoObject,1,0,0.6,0,,
https://about.ups.com/us/en/newsroom/press-releases/customer-first/ups-announces-healthcare-acquisition-.html,newsroom,content,ok,0,,4,6,1,1,0,1,0,1,1,,0,0,0.8,0,,
https://about.ups.com/us/en/newsroom/press-releases/customer-first/ups-announces-significant-partnership-expansion-with-usps.html,newsroom,content,ok,0,,4,6,1,1,0,1,0,1,1,,0,0,0.52,0,,
https://about.ups.com/us/en/newsroom/press-releases/customer-first/ups-brown-friday.html,newsroom,content,ok,0,,4,6,1,1,0,1,0,1,1,,0,0,0.63,0,,
https://about.ups.com/us/en/newsroom/press-releases/customer-first/ups-completes-acquisition-of-bomi-group-multi-national-healthcar.html,newsroom,content,ok,0,,4,5,2,1,0,1,0,1,1,,0,0,0.63,0,,
https://about.ups.com/us/en/newsroom/press-releases/customer-first/ups-completes-acquisition-of-mnx-global-logistics.html,newsroom,content,ok,0,,4,6,1,1,0,1,1,1,1,,0,0,0.56,0,,
https://about.ups.com/us/en/newsroom/press-releases/customer-first/ups-continues-growth-investments-in-asia-pacific-with-new-philip.html,newsroom,content,ok,0,,4,6,1,1,0,1,0,1,1,,0,0,0.65,0,,
https://about.ups.com/us/en/newsroom/press-releases/customer-first/ups-continues-support-of-covid-19-vaccine-distribution.html,newsroom,support,ok,0,,4,6,1,1,0,1,0,1,1,,0,0,0.54,0,,
https://about.ups.com/us/en/newsroom/press-releases/customer-first/ups-expands-standard-service-to-saturday.html,newsroom,content,ok,0,,4,6,1,1,0,1,0,1,1,,0,0,0.62,0,,
https://about.ups.com/us/en/newsroom/press-releases/customer-first/ups-healthcare-accelerates-cold-chain-capabilities.html,newsroom,tool,ok,0,,4,6,1,1,0,1,0,2,1,,0,0,0.54,0,,
https://about.ups.com/us/en/newsroom/press-releases/customer-first/ups-healthcare-revolutionizes-prioritized-shipping-.html,newsroom,content,ok,0,,4,6,2,1,0,1,0,1,1,,0,0,0.66,0,,
https://about.ups.com/us/en/newsroom/press-releases/customer-first/ups-maintaining-guarantees-on-next-day-air-packages-throughout-p.html,newsroom,content,ok,0,,4,6,1,1,0,1,0,1,1,,0,1,0.5,0,,
https://about.ups.com/us/en/newsroom/press-releases/customer-first/ups-new-canada-weekend-service.html,newsroom,content,ok,0,,4,6,1,1,0,1,0,1,1,,0,0,0.62,0,,
https://about.ups.com/us/en/newsroom/press-releases/customer-first/ups-speeds-up-global-delivery-times-from-asia-pacific.html,newsroom,content,ok,0,,4,6,1,1,0,1,0,1,1,,0,0,0.64,0,,
https://about.ups.com/us/en/newsroom/press-releases/customer-first/ups-to-acquire-hr.html,newsroom,content,ok,0,,3,6,2,1,0,1,0,1,1,,0,0,0.6,0,,
https://about.ups.com/us/en/newsroom/press-releases/customer-first/ups-to-acquire-mnx-in-strategic-move-to-expand-global-healthcare.html,newsroom,tool,ok,0,,4,6,1,1,0,1,1,1,1,,0,0,0.76,0,,
https://about.ups.com/us/en/newsroom/press-releases/customer-first/ups-to-boost-global-trade-with-enhanced-operations-at-new-hub-at.html,newsroom,content,ok,0,,4,5,3,1,0,1,0,1,1,,0,0,0.65,0,,
https://about.ups.com/us/en/newsroom/press-releases/customer-first/ups-to-hire-over-100k-essential-seasonal-workers.html,newsroom,content,ok,0,,4,6,2,1,0,1,0,1,1,,0,1,0.47,0,,
https://about.ups.com/us/en/newsroom/press-releases/customer-first/ups-turns-friday--november-4--brown-.html,newsroom,content,ok,0,,4,6,1,1,0,1,0,1,1,,0,0,0.61,0,,
https://about.ups.com/us/en/newsroom/press-releases/customer-first/vaccine-milestone-press-release.html,newsroom,content,ok,0,,4,6,1,1,0,1,0,1,1,,0,0,0.69,0,,
https://about.ups.com/us/en/newsroom/press-releases/financials/UPS-RELEASES-3Q-2023-EARNINGS.html,newsroom,content,ok,0,,4,7,1,1,0,1,1,1,1,,0,0,0.86,0,,
https://about.ups.com/us/en/newsroom/press-releases/financials/UPS-To-Release-Fourth-Quarter-2023-Results.html,newsroom,content,ok,0,,4,7,1,1,0,1,0,1,1,,0,1,0.46,0,,
https://about.ups.com/us/en/newsroom/press-releases/financials/ups-announces-quarterly-dividend---q2-2024.html,newsroom,content,ok,0,,4,7,1,1,0,1,0,1,1,,0,0,0.52,0,,
https://about.ups.com/us/en/newsroom/press-releases/financials/ups-announces-quarterly-dividend---q3-2024.html,newsroom,content,ok,0,,4,7,1,1,0,1,1,1,1,,0,0,0.51,0,,
https://about.ups.com/us/en/newsroom/press-releases/financials/ups-announces-quarterly-dividend---q4-2024.html,newsroom,content,ok,0,,4,7,1,1,0,1,1,1,1,,0,0,0.51,0,,
https://about.ups.com/us/en/newsroom/press-releases/financials/ups-announces-quarterly-dividend-q22023.html,newsroom,content,ok,0,,4,7,1,1,0,1,0,1,1,,0,0,0.52,0,,
https://about.ups.com/us/en/newsroom/press-releases/financials/ups-announces-quarterly-dividend-q3-2023.html,newsroom,content,ok,0,,4,7,1,1,1,1,0,1,1,,0,0,0.52,0,,
https://about.ups.com/us/en/newsroom/press-releases/financials/ups-announces-quarterly-dividend1.html,newsroom,content,ok,0,,4,7,1,1,1,1,0,1,1,,0,0,0.51,0,,
https://about.ups.com/us/en/newsroom/press-releases/financials/ups-announces-quarterly-dividend2.html,newsroom,content,ok,0,,4,7,1,1,1,1,1,1,1,,0,0,0.52,0,,
https://about.ups.com/us/en/newsroom/press-releases/financials/ups-announces-strategic-initiatives-and-three-year-financial-tar.html,newsroom,tool,ok,0,,4,7,1,1,0,1,0,1,1,,0,0,0.83,0,,
https://about.ups.com/us/en/newsroom/press-releases/financials/ups-releases-1q-2024-earnings.html,newsroom,content,ok,0,,4,7,1,1,0,1,0,1,1,,0,0,0.85,0,,
https://about.ups.com/us/en/newsroom/press-releases/financials/ups-releases-2q-2023-earnings.html,newsroom,content,ok,0,,4,7,1,1,0,1,1,1,1,,0,0,0.86,0,,
https://about.ups.com/us/en/newsroom/press-releases/financials/ups-releases-2q-2024-earnings.html,newsroom,content,ok,0,,4,7,1,1,0,1,0,1,1,,0,0,0.85,0,,
https://about.ups.com/us/en/newsroom/press-releases/financials/ups-releases-3q-2024-earnings.html,newsroom,content,ok,0,,4,7,1,1,0,1,0,1,1,,0,0,0.86,0,,
https://about.ups.com/us/en/newsroom/press-releases/financials/ups-releases-4q-2023-earnings.html,newsroom,content,ok,0,,4,7,1,1,0,1,0,1,1,,0,0,0.86,0,,
https://about.ups.com/us/en/newsroom/press-releases/financials/ups-releases-4q-2024-earnings-and-provides-2025-guidance.html,newsroom,content,ok,0,,4,7,1,1,0,1,0,1,1,,0,0,0.89,0,,
https://about.ups.com/us/en/newsroom/press-releases/financials/ups-to-release-first-quarter-2024-results.html,newsroom,content,ok,0,,4,7,1,1,0,1,0,1,1,,0,1,0.46,0,,
https://about.ups.com/us/en/newsroom/press-releases/financials/ups-to-release-fourth-quarter-2024-results-on-thursday--january-.html,newsroom,content,ok,0,,4,7,1,1,0,1,0,1,1,,0,1,0.46,0,,
https://about.ups.com/us/en/newsroom/press-releases/financials/ups-to-release-second-quarter-2024-results-on-tuesday-july-23-20.html,newsroom,content,ok,0,,4,7,1,1,0,1,0,1,1,,0,1,0.46,0,,
https://about.ups.com/us/en/newsroom/press-releases/financials/ups-to-release-third-quarter-2023-results.html,newsroom,content,ok,0,,4,7,1,1,0,1,0,1,1,,0,1,0.46,0,,
https://about.ups.com/us/en/newsroom/press-releases/our-strategy/2023-ups-impact-summit.html,newsroom,tool,ok,0,,4,6,4,1,0,1,0,1,1,,0,0,0.64,0,,
https://about.ups.com/us/en/newsroom/press-releases/our-strategy/ups-and-international-brotherhood-of-teamsters-reach-handshake-agreement-for-new-national-master-agreement.html,newsroom,tool,ok,0,,4,6,3,1,0,1,0,1,1,,0,0,0.55,0,,
https://about.ups.com/us/en/newsroom/press-releases/our-strategy/ups-and-international-brotherhood-of-teamsters-reach-tentative-new-national-master-ups-freight-agreement.html,newsroom,tool,ok,0,,4,6,3,1,0,1,0,1,1,,0,0,0.57,0,,
https://about.ups.com/us/en/newsroom/press-releases/our-strategy/ups-announces-agreement-to-sell-ups-freight-to-tfi-international.html,newsroom,tool,ok,0,,4,6,3,1,0,1,0,1,1,,0,0,0.69,0,,
https://about.ups.com/us/en/newsroom/press-releases/our-strategy/ups-announces-sale-of-coyote-logistics-to-rxo--inc-.html,newsroom,tool,ok,0,,4,6,3,1,0,1,0,1,1,,0,0,0.54,0,,
https://about.ups.com/us/en/newsroom/press-releases/our-strategy/ups-bolsters-healthcare-logistics-capabilities-with-cold-chain-a.html,newsroom,tool,ok,0,,4,6,4,1,0,1,0,1,1,,0,0,0.65,0,,
https://about.ups.com/us/en/newsroom/press-releases/our-strategy/ups-completes-acquisitions-of-healthcare-cold-chain-logistics-pr.html,newsroom,tool,ok,0,,4,6,3,1,0,1,0,1,1,,0,0,0.62,0,,
https://about.ups.com/us/en/newsroom/press-releases/our-strategy/ups-to-acquire-estafeta--providing-powerful-global-logistics-sol.html,newsroom,tool,ok,0,,4,6,3,1,0,1,0,1,1,,0,0,0.64,0,,
https://about.ups.com/us/en/our-impact/ups-sustainability-and-community-impact-report/delivering-for-our-people.html,our-impact,content,ok,0,,4,4,1,1,0,1,0,0,1,,0,0,0.5,0,,
https://about.ups.com/us/en/our-impact/ups-sustainability-and-community-impact-report/delivering-for-our-planet.html,our-impact,content,ok,0,,4,4,4,1,0,1,0,0,1,,0,0,0.57,0,,
https://about.ups.com/us/en/newsroom/press-releases/people-led/ups-statement-agreement-with-teamsters-on-heat-safety.html,newsroom,content,ok,0,,4,5,4,1,0,1,0,1,1,,0,0,0.62,0,,
https://about.ups.com/us/en/our-company/great-employer/ups-weekend-delivery-helps-cycling-business-turbocharge-sales.html,our-company,support,ok,0,,4,7,1,1,0,1,0,1,1,,0,1,0.45,0,,
https://about.ups.com/us/en/our-stories/customer-first/how-ups-is-helping-four-aapi-owned-small-businesses-thrive.html,our-stories,support,ok,0,,4,7,1,1,0,1,0,1,1,,0,0,0.65,0,,
https://about.ups.com/us/en/our-stories/customer-first/loxone-and-ups-grow-exports-with-reliability-as-the-cornerstone.html,our-stories,content,http_error,1,2,4,7,1,1,0,1,0,1,0,,0,1,0.39,0,,
https://about.ups.com/us/en/our-stories/customer-first/ups-reshuffles-warehouse-space-for-wall-street-greetings-and-rel.html,our-stories,content,ok,0,,4,7,1,1,0,1,0,1,1,VideoList|VideoObject,1,1,0.34,0,,
https://about.ups.com/us/en/our-stories/customer-first/paper-is-a-pain-for-exporters--that-s-why-ups-is-paperless.html,our-stories,content,ok,0,,4,5,5,1,0,1,0,1,1,,0,1,0.47,0,yes,0.2
https://solutions.ups.com/showcase.html,showcase,other,robots,0,,4,5,1,0,0,0,0,0,0,,0,0,0.0,0,,
https://about.ups.com/us/en/our-stories/people-led/what-can-brown-noise-do-for-you-.html,our-stories,content,ok,0,,4,5,1,1,0,1,0,1,1,,0,1,0.42,0,,
https://about.ups.com/us/en/our-company/great-employer/meet-5-of-ups-s-safest-drivers.html,our-company,other,ok,0,,3,4,31,1,0,1,0,1,1,VideoList|VideoObject,1,1,0.5,0,,
https://about.ups.com/us/en/our-company/our-people/people-powering-growth.html,our-company,other,http_error,1,2,4,5,1,1,0,1,0,1,0,,0,1,0.39,0,,
https://www.ups.com/us/en/business-solutions/grow-your-business-solutions/expand-internationally?msockid=1080214172a062d039e9345b734a6333,business-solutions,product/service,ok,0,,4,5,2,1,1,1,1,1,1,,0,0,0.55,0,,
https://about.ups.com/us/en/newsroom/press-releases/innovation-driven/coyote-logistics-launches-dynamic-route-optimization-to-enhance-supply-chain-efficiency.html,newsroom,content,ok,0,,4,6,3,1,0,1,0,1,1,,0,0,0.67,0,,
https://about.ups.com/us/en/newsroom/press-releases/innovation-driven/new-chief-digital-and-technology-officer.html,newsroom,content,ok,0,,4,6,2,1,0,1,0,1,1,,0,0,0.51,0,,
https://about.ups.com/us/en/newsroom/press-releases/innovation-driven/ups-deploys-purpose-built-navigation-for-ups-service-personnel.html,newsroom,content,ok,0,,4,5,5,1,0,1,0,1,1,,0,0,0.72,0,,
https://about.ups.com/us/en/newsroom/press-releases/innovation-driven/ups-flight-forward-adds-new-aircraft.html,newsroom,content,ok,0,,4,4,4,1,0,1,0,1,1,,0,0,0.69,0,,
https://about.ups.com/us/en/newsroom/press-releases/innovation-driven/ups-strengthens-network-capabilities-and-employee-experience--th.html,newsroom,content,ok,0,,4,5,4,1,0,1,0,1,1,,0,0,0.67,0,,
https://about.ups.com/us/en/newsroom/press-releases/innovation-driven/ups-to-test-gaussin-autonomous-enabled-ev-s-to-move-trailers-at-its-london-hub.html,newsroom,content,ok,0,,4,6,3,1,0,1,0,1,1,,0,0,0.64,0,,
https://about.ups.com/us/en/our-stories/customer-first/welcome-to-the-next-generation-of-brokerage-services.html?_gl=1%2Amipfxr%2A_up%2AMQ..&gclsrc=3p.ds,,,ok,0,,,,,1,1,1,1,1,1,,0,1,0.48,0,,
https://about.ups.com/us/en/newsroom/press-releases/people-led/-ups-chief-financial-officer-brian-newman-to-depart.html,newsroom,content,ok,0,,4,7,3,1,0,1,0,1,1,,0,0,0.55,0,,
https://about.ups.com/us/en/newsroom/press-releases/people-led/circle-of-honor-2022-announcement.html,newsroom,content,ok,0,,4,7,1,1,0,1,0,1,1,,0,0,0.59,0,,
https://about.ups.com/us/en/newsroom/press-releases/people-led/iconic-ups-brown-delivery-vehicles-receive-personal-update.html,newsroom,content,ok,0,,4,7,3,1,0,1,0,1,1,,0,0,0.65,0,,
https://about.ups.com/us/en/newsroom/press-releases/people-led/teamsters-approve-strike-authorization.html,newsroom,content,ok,0,,4,7,1,1,0,1,0,1,1,,0,1,0.47,0,,
https://about.ups.com/us/en/newsroom/press-releases/people-led/ups--teamsters-negotiations-to-resume-next-week.html,newsroom,content,ok,0,,4,7,3,1,0,1,0,1,1,,0,1,0.45,0,,
https://about.ups.com/us/en/newsroom/press-releases/people-led/ups-announces-changes-to-board-of-directors.html,newsroom,content,ok,0,,4,7,1,1,0,1,0,1,1,,0,0,0.64,0,,
https://about.ups.com/us/en/newsroom/press-releases/people-led/ups-announces-executive-leadership-team-changes.html,newsroom,content,ok,0,,4,7,1,1,0,1,0,1,1,,0,0,0.6,0,,
https://about.ups.com/us/en/newsroom/press-releases/people-led/ups-announces-organizational-realignment.html,newsroom,content,ok,0,,4,7,1,1,0,1,0,1,1,,0,0,0.64,0,,
https://about.ups.com/us/en/newsroom/press-releases/people-led/ups-appoints-brian-dykes-as-chief-financial-officer.html,newsroom,content,ok,0,,4,7,3,1,0,1,0,1,1,,0,0,0.56,0,,
https://about.ups.com/us/en/newsroom/press-releases/people-led/ups-appoints-eva-boratto-and-wayne-hewett-to-board-of-directors.html,newsroom,content,ok,0,,4,7,1,1,0,1,0,1,1,,0,0,0.62,0,,
https://about.ups.com/us/en/newsroom/press-releases/people-led/ups-appoints-kevin-clark-to-board-of-directors.html,newsroom,content,ok,0,,4,7,3,1,0,1,0,1,1,,0,0,0.6,0,,
https://about.ups.com/us/en/newsroom/press-releases/people-led/ups-asks-job-seekers-to--picture-yourself-in-ups-brown-.html,newsroom,content,ok,0,,4,7,3,1,0,1,0,1,1,,0,0,0.65,0,,
https://about.ups.com/us/en/newsroom/press-releases/people-led/ups-board-appoints-carol-tom-as-ceo-david-abney-to-be-executive-chairman.html,newsroom,content,ok,0,,4,7,1,1,0,1,0,1,1,,0,0,0.7,0,,
https://about.ups.com/us/en/newsroom/press-releases/people-led/ups-encouraged-that-the-teamsters-will-continue-forward-progress.html,newsroom,content,ok,0,,4,7,1,1,0,1,0,1,1,,0,1,0.45,0,,
https://about.ups.com/us/en/newsroom/press-releases/people-led/ups-encourages-teamsters-to-return-to-the-negotiations-table.html,newsroom,content,ok,0,,4,7,3,1,0,1,0,1,1,,0,1,0.48,0,,
https://about.ups.com/us/en/newsroom/press-releases/people-led/ups-inducts-1-412-of-its-safest-drivers-into-circle-of-honor.html,newsroom,content,ok,0,,4,7,1,1,0,1,0,1,1,,0,0,0.59,0,,
https://about.ups.com/us/en/newsroom/press-releases/people-led/ups-invests-millions-in-advanced-training-for-on-the-road-driver.html,newsroom,content,ok,0,,4,6,3,1,0,1,0,1,1,,0,0,0.55,0,,
https://about.ups.com/us/en/newsroom/press-releases/people-led/ups-names-angela-hwang-to-board-of-directors.html,newsroom,content,ok,0,,4,7,1,1,0,1,0,1,1,,0,0,0.64,0,,
https://about.ups.com/us/en/newsroom/press-releases/people-led/ups-promotes-laura-lane-to-chief-corporate-affairs-and-communications-officer.html,newsroom,tool,ok,0,,4,7,1,1,0,1,0,1,1,,0,0,0.66,0,,
https://about.ups.com/us/en/newsroom/press-releases/people-led/ups-recruits-100-000-seasonal-workers-for-the-2023-holiday-seaso.html,newsroom,content,ok,0,,4,7,4,1,0,1,0,1,1,,0,0,0.62,0,,
https://about.ups.com/us/en/newsroom/press-releases/people-led/ups-releases-first-jobs-and-opportunity-report.html,newsroom,content,ok,0,,4,7,1,1,0,1,0,1,1,,0,0,0.68,0,,
https://about.ups.com/us/en/newsroom/press-releases/people-led/ups-responds-to-latest-action-from-the-teamsters.html,newsroom,content,ok,0,,4,7,2,1,0,1,0,1,1,,0,1,0.46,0,,
https://about.ups.com/us/en/newsroom/press-releases/people-led/ups-starts-business-continuity-training.html,newsroom,content,ok,0,,4,7,3,1,0,1,0,1,1,,0,0,0.51,0,,
https://about.ups.com/us/en/newsroom/press-releases/people-led/ups-statement-on-teamster-negotiations.html,newsroom,content,ok,0,,4,7,1,1,0,1,0,1,1,,0,1,0.47,0,,
https://about.ups.com/us/en/newsroom/press-releases/people-led/ups-teamsters-reach-agreement-in-labor-negotiations.html,newsroom,content,ok,0,,4,7,5,1,0,1,0,1,1,,0,1,0.49,0,,
https://about.ups.com/us/en/newsroom/press-releases/people-led/ups-to-hire-over-100-000-.html,newsroom,content,ok,0,,4,7,1,1,0,1,0,1,1,,0,0,0.63,0,,
https://about.ups.com/us/en/our-company/great-employer/5-inspiring-career-stories-to-motivate-your-next-move.html,our-company,content,ok,0,,4,5,30,1,0,1,0,1,1,,0,1,0.47,0,,
https://about.ups.com/us/en/our-company/great-employer/a-thirst-for-safety--rene-acosta-wants-you-to-stay-hydrated.html,our-company,tool,ok,0,,4,5,31,1,0,1,0,1,1,,0,1,0.45,0,,
https://about.ups.com/us/en/our-company/great-employer/drive-full-time-with-ups-and-see-the-sights.html,our-company,other,ok,0,,4,5,30,1,0,1,0,1,1,,0,1,0.44,0,,
https://about.ups.com/us/en/our-company/great-employer/glenda-alexander-shows-what-it-means-to-take-control-of-your-car.html,our-company,other,ok,0,,4,5,30,1,0,1,0,1,1,VideoList|VideoObject,1,1,0.36,0,,
https://about.ups.com/us/en/our-company/great-employer/safety-tips-for-hot-weather.html,our-company,other,ok,0,,4,5,30,1,0,1,0,1,1,,0,1,0.5,0,,
https://about.ups.com/us/en/our-company/great-employer/top-5-things-you-don-t-know-about-part-time-at-ups.html,our-company,corporate,ok,0,,4,5,11,1,0,1,0,1,1,,0,0,0.61,0,,
https://about.ups.com/us/en/our-company/great-employer/ups-legend-retires-leaving-a-legacy-of-dedication-and-excellence.html,our-company,other,ok,0,,4,5,30,1,0,1,0,1,1,,0,1,0.46,0,,
https://about.ups.com/us/en/our-impact/community/ups-community-service-award-winner.html,our-impact,product/service,ok,0,,4,6,4,1,0,1,0,2,1,,0,1,0.42,0,,
https://about.ups.com/us/en/our-impact/community/equity-and-economic-empowerment/content/upsstories/us/en/our-stories/innovation-driven/ups-opens-new-technology-center-in-chennai--india.html,our-impact,content,http_error,1,2,4,6,1,1,0,1,0,1,0,,0,1,0.39,0,,
https://about.ups.com/us/en/our-impact/reporting/the-ups-foundations-social-impact-report.html,our-impact,content,http_error,1,3,4,6,2,1,0,1,0,1,0,,0,1,0.39,0,,
https://about.ups.com/us/en/our-stories/people-led/to-liberia-with-love.html,our-stories,content,ok,0,,4,5,5,1,0,1,0,1,1,VideoList|VideoObject,1,1,0.34,0,,
https://about.ups.com/us/en/our-impact/community/local-community-engagement/jim-casey-service-award-winner-continues-her-family-legacy-of-gi.html,our-impact,product/service,http_error,1,3,4,6,2,1,0,1,0,1,0,,0,1,0.39,0,,
https://about.ups.com/us/en/our-impact/values.html,our-impact,other,http_error,1,2,4,6,1,1,0,1,0,1,0,,0,1,0.39,0,,
https://about.ups.com/us/en/our-impact/sustainability/sustainable-services/innovative-esg-ideas---about-ups.html,our-impact,corporate,http_error,1,2,4,6,1,1,0,1,0,1,0,,0,1,0.39,0,,
https://about.ups.com/us/en/our-impact/community/local-community-engagement/meet-the-finalists-for-ups-s-highest-community-service-award.html,our-impact,product/service,http_error,1,2,4,6,1,1,0,1,0,1,0,,0,1,0.39,0,,
https://about.ups.com/us/en/our-company/suppliers/business-conduct-and-terms-and-conditions.html,our-company,corporate,ok,0,,4,,1,1,0,1,1,1,1,,0,0,0.56,0,,
https://solutions.ups.com/proudlyunstoppable-ussp-page.html,proudlyunstoppable-ussp-page,other,robots,0,,4,6,1,0,0,0,0,0,0,,0,0,0.0,0,,
https://solutions.ups.com/tools-to-adapt-ussp-page.html?campaign_id=REC_PVAN2020,tools-to-adapt-ussp-page,tool,robots,0,,4,6,1,0,0,0,0,0,0,,0,0,0.0,0,,
https://about.ups.com/us/en/our-impact/ups-sustainability-and-community-impact-report/delivering-for-our-communities/delivering-equity---economic-empowerment.html,our-impact,content,http_error,1,3,4,5,2,1,0,1,0,1,0,,0,1,0.39,0,,
https://about.ups.com/us/en/our-impact/ups-sustainability-and-community-impact-report/delivering-for-our-communities/delivering-health---humanitarian-relief.html,our-impact,content,ok,0,,4,5,2,1,0,1,0,1,1,,0,0,0.61,0,,
https://about.ups.com/us/en/our-impact/ups-sustainability-and-community-impact-report/delivering-for-our-communities/delivering-local-community-engagement.html,our-impact,content,ok,0,,4,5,2,1,0,1,0,1,1,,0,1,0.37,0,,
https://about.ups.com/us/en/our-impact/ups-sustainability-and-community-impact-report/delivering-for-our-communities/delivering-planet-protection.html,our-impact,content,ok,0,,4,5,1,1,0,1,0,1,1,,0,0,0.53,0,,
https://about.ups.com/us/en/our-stories/customer-first/4-key-takeaways-from-ups-s-2025-impact-summit.html,our-stories,content,ok,0,,4,5,1,1,0,1,0,1,1,,0,0,0.55,0,,
https://about.ups.com/us/en/our-impact/sustainability/sustainable-services/ups-electrifying-its-chinese-fleet.html,our-impact,corporate,http_error,1,2,4,4,1,1,0,1,0,1,0,,0,1,0.39,0,,
https://about.ups.com/us/en/our-stories/customer-first/green-exporters-program.html,our-stories,content,http_error,1,3,4,4,2,1,0,1,0,1,0,,0,1,0.39,0,,
https://about.ups.com/us/en/related-content/2021-the-ups-foundation-social-impact-report.html,related-content,content,http_error,1,2,4,4,1,1,0,1,0,1,0,,0,1,0.39,0,,
https://solutions.ups.com/woman-owned-proudlyunstoppable-ussp-page.html,woman-owned-proudlyunstoppable-ussp-page,other,robots,0,,4,4,1,0,0,0,0,0,0,,0,0,0.0,0,,
https://about.ups.com/us/en/social-impact/reporting.html,social-impact,content,http_error,1,2,4,4,1,1,0,1,0,1,0,,0,1,0.39,0,,
https://about.ups.com/us/en/our-stories/customer-first/the-13-best-valentine-s-day-gifts.html,our-stories,content,http_error,1,2,4,5,1,1,0,1,0,1,0,,0,1,0.39,0,,
https://about.ups.com/us/en/our-stories/customer-first/ups-takes-to-the-pitch-with-new-liverpool-football-club-partners.html,our-stories,content,http_error,1,2,4,5,1,1,0,1,0,1,0,,0,1,0.39,0,,
https://about.ups.com/us/en/our-stories/customer-first/the-ups-store-small-biz-challenge.html,our-stories,content,http_error,1,3,4,5,2,1,0,1,0,1,0,,0,1,0.39,0,,
https://www.ups.com/us/en/business-solutions/pickup-dropoff-options/ups-on-call-pickup,business-solutions,product/service,ok,0,,3,3,4,1,0,1,0,1,1,,0,1,0.26,0,,
https://about.ups.com/us/en/our-stories/customer-first/ups-beats-competitors-in-on-time-holiday-deliveries-for-seven-ye.html,our-stories,content,ok,0,,4,5,3,1,0,1,0,1,1,,0,1,0.4,0,,
https://about.ups.com/us/en/our-stories/customer-first/ups-and-cologuard-make-it-easy-to-get-screened-for-colon-cancer-.html,our-stories,content,ok,0,,4,6,1,1,0,1,0,1,1,VideoList|VideoObject,1,0,0.53,0,,
https://about.ups.com/us/en/our-stories/customer-first/the-perfect-holiday-pair---honeybaked-.html,our-stories,content,ok,0,,4,6,1,1,0,1,0,1,1,,0,1,0.42,0,,
https://about.ups.com/us/en/our-impact/ups-sustainability-and-social-impact-report.html,our-impact,content,http_error,1,2,4,6,1,1,0,1,0,1,0,,0,1,0.39,0,,
https://about.ups.com/us/en/our-impact/ups-sustainability-and-social-impact-report/delivering-for-our-planet.html,our-impact,content,http_error,1,2,4,6,1,1,0,1,0,1,0,,0,1,0.39,0,,
https://about.ups.com/us/en/newsroom/press-releases/sustainable-services/ups-continues-to-build-on-renewable-natural-gas-momentum.html,newsroom,content,http_error,1,2,4,6,1,1,0,1,0,1,0,,0,1,0.39,0,,
https://about.ups.com/us/en/our-stories/innovation-driven/ups-s-deliverydefense-pits-ai-against-criminals.html,our-stories,content,http_error,1,2,4,6,1,1,0,1,0,1,0,,0,1,0.39,0,,
https://about.ups.com/us/en/our-stories/customer-first/game-changing-healthcare-service.html,our-stories,content,ok,0,,4,6,1,1,0,1,0,1,1,VideoList|VideoObject,1,1,0.39,0,,
https://about.ups.com/us/en/social-impact/environment/sustainable-services/equads-in-the-uk.html,social-impact,corporate,http_error,1,2,4,6,1,1,0,1,0,1,0,,0,1,0.39,0,,
https://www.ups.com/us/en/supplychain/home?msockid=3065607001ea67933285746d001a66dc,supplychain,other,ok,0,,4,5,1,1,1,1,1,2,1,,0,0,0.6,0,,
https://about.ups.com/us/en/our-stories/people-led/how-one-ups-leaders-personal-tragedy-ignited-a-passion-for-safet.html,our-stories,content,ok,0,,4,5,2,1,0,1,0,1,1,,0,1,0.44,0,,
https://about.ups.com/us/en/our-stories/customer-first/the-ups-store-earns-top-spot.html,our-stories,content,http_error,1,2,4,5,1,1,0,1,0,1,0,,0,1,0.39,0,,
https://www.ups.com/us/en/support/shipping-support/shipping-costs-rates/fuel-surcharges,support,support,ok,0,,2,2,2,1,0,1,0,1,1,,0,1,0.47,0,,
https://www.ups.com/us/en/support/shipping-support/shipping-costs-rates/retail-rates,support,support,ok,0,,2,2,1,1,0,1,0,1,1,,0,1,0.05,0,,
https://www.ups.com/us/en/support/get-started,support,support,ok,0,,3,4,1,1,0,1,0,1,1,,0,1,0.24,0,,
https://www.ups.com/us/en/support/shipping-support/shipping-special-care-regulated-items/hazardous-materials-guide/49-cfr-shipping-examples,support,support,ok,0,,3,3,10,1,0,1,0,1,1,,0,1,0.22,0,,
https://www.ups.com/us/en/support/shipping-support/shipping-special-care-regulated-items/hazardous-materials-guide/common-hazardous-items,support,support,ok,0,,3,3,3,1,0,1,0,1,1,,0,0,0.5,0,,
https://www.ups.com/us/en/support/shipping-support/shipping-special-care-regulated-items/hazardous-materials-guide/hazardous-material-service-definition,support,support,ok,0,,3,3,6,1,0,1,0,1,1,,0,0,0.62,0,,
https://www.ups.com/us/en/support/shipping-support/shipping-special-care-regulated-items/hazardous-materials-guide/hazardous-material-service-definition/dangerous-goods-chemical-tables,support,support,ok,0,,3,3,6,1,0,1,0,1,1,,0,1,0.1,0,,
https://www.ups.com/us/en/support/shipping-support/shipping-special-care-regulated-items/hazardous-materials-guide/important-updates-to-regulations-and-requirements,support,support,ok,0,,3,3,1,1,0,1,0,1,1,,0,1,0.34,0,,
https://www.ups.com/us/en/support/shipping-support/shipping-special-care-regulated-items/hazardous-materials-guide/shippers-responsibilities,support,support,ok,0,,3,3,17,1,0,1,0,1,1,,0,1,0.32,0,,
https://www.ups.com/us/en/support/shipping-support/shipping-special-care-regulated-items/hazardous-materials-guide/types-of-dangerous-goods-and-commodities,support,support,ok,0,,3,3,1,1,0,1,0,1,1,,0,1,0.13,0,,
https://www.ups.com/us/en/support/shipping-support/shipping-special-care-regulated-items/hazardous-materials-guide/ups-standard-dangerous-goods-service-between-us-canada,support,support,ok,0,,3,3,3,1,0,1,0,1,1,,0,1,0.2,0,,
https://www.ups.com/us/en/healthcare/news/press-releases/expanding-gff-capabilities,healthcare,content,ok,0,,3,6,5,1,0,1,0,1,1,,0,0,0.6,0,,
https://www.ups.com/us/en/healthcare/news/press-releases/premier-global-upgrades,healthcare,content,ok,0,,3,6,5,1,0,1,0,1,1,,0,0,0.58,0,,
https://www.ups.com/us/en/healthcare/learning-center/articles/cross-docking-guide,healthcare,content,ok,0,,4,6,9,1,0,1,0,1,1,,0,0,0.62,0,,
https://www.ups.com/us/en/healthcare/learning-center/articles/healthcare-logistics-guide-to-dry-ice,healthcare,content,ok,0,,4,7,4,1,0,1,0,1,1,,0,0,0.64,0,,
https://www.ups.com/us/en/healthcare/news/press-releases/ups-healthtech-expands-globally,healthcare,content,ok,0,,3,6,5,1,0,1,0,1,1,,0,0,0.5,0,,
https://www.ups.com/us/en/healthcare/learning-center/articles/4-best-practices-in-cold-chain-management-of-biologics,healthcare,content,ok,0,,4,5,6,1,0,1,0,1,1,,0,0,0.61,0,,
https://www.ups.com/us/en/healthcare/learning-center/articles/4-keys-to-safe-and-speedy-specimen-shipping,healthcare,content,ok,0,,4,5,7,1,0,1,0,1,1,,0,0,0.53,0,,
https://www.ups.com/us/en/healthcare/learning-center/articles/cold-chain-complex-logistics,healthcare,content,ok,0,,4,7,1,1,0,1,0,1,1,,0,0,0.58,0,,
https://www.ups.com/us/en/healthcare/learning-center/articles/dental-health-logistics,healthcare,content,ok,0,,4,7,4,1,0,1,0,1,1,,0,1,0.47,0,,
https://www.ups.com/us/en/healthcare/learning-center/articles/elevating-pharmaceutical-sampling,healthcare,content,ok,0,,4,7,3,1,0,1,0,1,1,,0,0,0.57,0,,
https://www.ups.com/us/en/healthcare/learning-center/articles/european-cold-chain-packaging-growth,healthcare,content,ok,0,,4,6,12,1,0,1,0,1,1,,0,1,0.5,0,,
https://www.ups.com/us/en/healthcare/learning-center/articles/evolution-of-cold-chain,healthcare,content,ok,0,,4,6,4,1,0,1,0,1,1,,0,1,0.4,0,,
https://www.ups.com/us/en/healthcare/learning-center/articles/home-healthcare-trends,healthcare,content,ok,0,,4,5,2,1,0,1,0,1,1,,0,0,0.72,0,,
https://www.ups.com/us/en/healthcare/learning-center/articles/iremedy-joint-solution-guide,healthcare,content,ok,0,,4,7,2,1,0,1,0,1,1,,0,0,0.69,0,,
https://www.ups.com/us/en/healthcare/learning-center/articles/nearshoring-and-implications-to-the-supply-chain,healthcare,content,ok,0,,4,7,1,1,0,1,0,1,1,,0,0,0.55,0,,
https://www.ups.com/us/en/healthcare/learning-center/articles/nearshoring-benefits,healthcare,content,ok,0,,4,7,2,1,0,1,0,1,1,,0,0,0.59,0,,
https://www.ups.com/us/en/healthcare/learning-center/articles/not-a-sample-a-somebody,healthcare,content,ok,0,,4,5,6,1,0,1,0,1,1,,0,0,0.61,0,,
https://www.ups.com/us/en/healthcare/learning-center/articles/novel-gps-tracking-technology,healthcare,tool,ok,0,,4,6,4,1,0,1,0,1,1,,0,0,0.75,0,,
https://www.ups.com/us/en/healthcare/learning-center/articles/optimize-healthcare-logistics-asia,healthcare,content,ok,0,,4,7,3,1,0,1,0,1,1,,0,1,0.44,0,,
https://www.ups.com/us/en/healthcare/learning-center/articles/patient-driven,healthcare,content,ok,0,,4,7,3,1,0,1,0,1,1,,0,1,0.48,0,,
https://www.ups.com/us/en/healthcare/learning-center/articles/premier-sensor-linking,healthcare,content,ok,0,,4,7,4,1,0,1,0,1,1,,0,0,0.54,0,,
https://www.ups.com/us/en/healthcare/learning-center/articles/premier-sensos-benefits,healthcare,content,ok,0,,4,6,8,1,0,1,0,1,1,,0,1,0.49,0,,
https://www.ups.com/us/en/healthcare/learning-center/articles/serialization,healthcare,content,ok,0,,4,7,4,1,0,1,0,1,1,,0,0,0.59,0,,
https://www.ups.com/us/en/healthcare/learning-center/articles/simplifying-freight-forwarding-for-healthcare,healthcare,content,ok,0,,4,7,2,1,0,1,0,1,1,,0,0,0.59,0,,
https://www.ups.com/us/en/healthcare/learning-center/articles/the-fight-against-counterfeit-drugs,healthcare,content,ok,0,,4,6,4,1,0,1,0,1,1,,0,0,0.5,0,,
https://www.ups.com/us/en/healthcare/learning-center/articles/the-patient-with-the-ups-face,healthcare,content,ok,0,,4,7,3,1,0,1,0,1,1,,0,1,0.48,0,,
https://www.ups.com/us/en/healthcare/learning-center/articles/ups-healthcare-pharma-ceiv,healthcare,content,ok,0,,4,7,7,1,0,1,0,1,1,,0,0,0.55,0,,
https://www.ups.com/us/en/healthcare/learning-center/articles/ups-healthcares-robot-implementation-journey,healthcare,content,ok,0,,4,6,4,1,0,1,0,1,1,,0,0,0.55,0,,
https://www.ups.com/us/en/healthcare/learning-center/our-customers,healthcare,other,ok,0,,4,5,1,1,0,1,0,1,1,,0,1,0.44,0,,
https://www.ups.com/us/en/healthcare/learning-center/blog/advanced-cancer-therapies-in-asia,healthcare,content,ok,0,,4,,4,1,0,1,0,1,1,,0,0,0.71,0,,
https://www.ups.com/us/en/healthcare/learning-center/blog/carrying-rare-cures,healthcare,content,ok,0,,4,,3,1,0,1,0,1,1,,0,0,0.67,0,,
https://www.ups.com/us/en/healthcare/learning-center/blog/from-lab-to-market,healthcare,content,ok,0,,4,,1,1,0,1,0,1,1,,0,0,0.77,0,,
https://www.ups.com/us/en/healthcare/learning-center/blog/guide-to-medical-device-management,healthcare,content,ok,0,,4,,3,1,0,1,0,1,1,,0,0,0.7,0,,
https://www.ups.com/us/en/healthcare/learning-center/blog/healthcare-logistics-distribution-powers-pharma,healthcare,content,ok,0,,4,,3,1,0,1,0,1,1,,0,0,0.64,0,,
https://www.ups.com/us/en/healthcare/learning-center/blog/resilient-coldchain-pharma-gff,healthcare,content,ok,0,,4,,3,1,0,1,0,1,1,,0,0,0.69,0,,
https://www.ups.com/us/en/healthcare/learning-center/blog/rethinking-clinical-trials,healthcare,content,ok,0,,4,,3,1,0,1,0,1,1,,0,0,0.72,0,,
https://www.ups.com/us/en/healthcare/learning-center/case-studies/baptist-health,healthcare,content,ok,0,,3,6,3,1,0,1,0,1,1,,0,0,0.51,0,,
https://www.ups.com/us/en/healthcare/learning-center/case-studies/drive-medical-canada,healthcare,content,ok,0,,4,5,6,1,0,1,0,1,1,,0,0,0.57,0,,
https://www.ups.com/us/en/healthcare/learning-center/case-studies/eurofins-genomics,healthcare,content,ok,0,,3,6,10,1,0,1,0,1,1,,0,0,0.6,0,,
https://www.ups.com/us/en/healthcare/learning-center/case-studies/fresenius-case-study,healthcare,content,ok,0,,3,5,6,1,0,1,0,1,1,,0,1,0.24,0,,
https://www.ups.com/us/en/healthcare/learning-center/case-studies/healthtrackrx,healthcare,tool,ok,0,,4,6,5,1,0,1,0,1,1,,0,0,0.57,0,,
https://www.ups.com/us/en/healthcare/learning-center/case-studies/leibniz-institute-dsmz,healthcare,content,ok,0,,4,7,3,1,0,1,0,1,1,,0,0,0.59,0,,
https://www.ups.com/us/en/healthcare/learning-center/case-studies/lgc-clinical-diagnostics,healthcare,content,ok,0,,3,5,6,1,0,1,0,1,1,,0,1,0.46,0,,
https://www.ups.com/us/en/healthcare/learning-center/case-studies/lupin-pharmaceuticals,healthcare,content,ok,0,,3,5,4,1,0,1,0,1,1,,0,1,0.43,0,,
https://www.ups.com/us/en/healthcare/learning-center/case-studies/medvantx,healthcare,content,ok,0,,4,6,4,1,0,1,0,1,1,,0,1,0.42,0,,
https://www.ups.com/us/en/healthcare/learning-center/case-studies/milk-by-mom,healthcare,content,ok,0,,3,6,5,1,0,1,0,1,1,,0,0,0.53,0,,
https://www.ups.com/us/en/healthcare/learning-center/guides/create-a-placard,healthcare,content,ok,0,,4,6,7,1,0,1,0,1,1,,0,0,0.51,0,,
https://www.ups.com/us/en/healthcare/learning-center/guides/create-pickup-point-dashboard,healthcare,content,ok,0,,4,6,7,1,0,1,0,1,1,,0,0,0.51,0,,
https://www.ups.com/us/en/healthcare/learning-center/guides/create-premier-shipment,healthcare,content,ok,0,,4,6,7,1,0,1,0,1,1,,0,1,0.34,0,,
https://www.ups.com/us/en/healthcare/learning-center/guides/link-specimen-id,healthcare,content,ok,0,,4,6,7,1,0,1,0,1,1,,0,1,0.38,0,,
https://www.ups.com/us/en/healthcare/learning-center/guides/manage-pickup-status-dashboard,healthcare,content,ok,0,,4,6,7,1,0,1,0,1,1,,0,1,0.48,0,,
https://www.ups.com/us/en/healthcare/learning-center/guides/placard-confirmation-process,healthcare,content,ok,0,,4,6,7,1,0,1,0,1,1,,0,0,0.5,0,,
https://www.ups.com/us/en/healthcare/learning-center/guides/schedule-on-demand-pickup,healthcare,tool,ok,0,,4,6,7,1,0,1,0,1,1,,0,1,0.46,0,,
https://www.ups.com/us/en/healthcare/learning-center/news-list,healthcare,content,ok,0,,3,7,1,1,0,1,0,1,0,,0,0,0.92,0,,
https://www.ups.com/us/en/healthcare/news/press-releases/real-time-tracker-integration-launch,healthcare,tool,ok,0,,3,6,6,1,0,1,0,1,1,,0,0,0.56,0,,
https://www.ups.com/us/en/healthcare/news/press-releases/ups-launches-rfid-enabled-network,healthcare,content,ok,0,,3,5,3,1,0,1,0,1,1,,0,0,0.53,0,,
https://www.ups.com/us/en/healthcare/news/press-releases/ups-to-aquire-andlauer-healthcare-group,healthcare,content,ok,0,,3,5,7,1,0,1,0,1,1,,0,0,0.59,0,,
https://www.ups.com/us/en/healthcare/news/press-releases/youth-innovation-in-healthcare,healthcare,content,ok,0,,3,5,4,1,0,1,0,1,1,,0,0,0.56,0,,
https://www.ups.com/us/en/healthcare/news/press-releases/singapore-tuas-opening,healthcare,content,ok,0,,4,5,5,1,0,1,0,1,1,,0,0,0.51,0,,
https://www.ups.com/us/en/healthcare/news/press-releases/ups-healthcare-paris-hong-kong-flight,healthcare,content,ok,0,,4,5,7,1,0,1,0,1,1,,0,1,0.49,0,,
https://www.ups.com/us/en/healthcare/news/press-releases/ups-iremedy-partnership-announcement,healthcare,content,ok,0,,4,5,4,1,0,1,0,1,1,,0,0,0.54,0,,
https://about.ups.com/us/en/our-impact/community.html.html,our-impact,other,ok,0,,4,5,1,1,1,1,1,1,0,,0,1,0.32,0,,
https://about.ups.com/us/en/our-impact/community/the-ups-foundation-mission-and-purpose.html,our-impact,other,ok,0,,4,5,2,1,0,1,0,1,1,,0,1,0.48,0,,
https://www.ups.com/us/en/healthcare/news/press-releases/ups-delivers-one-billion-vaccines,healthcare,content,ok,0,,3,5,5,1,0,1,0,1,1,,0,0,0.58,0,,
https://www.ups.com/us/en/healthcare/learning-center/videos/speed-of-life,healthcare,other,ok,0,,4,5,2,1,0,1,0,1,1,,0,1,0.27,0,,
https://www.ups.com/us/en/business-solutions/expand-your-online-business/ups-ready?msockid=3ccc2e5a4e39614a2f7939054ffa608f,business-solutions,product/service,ok,0,,4,5,1,1,1,1,1,1,1,,0,0,0.93,0,,
https://solutions.ups.com/carm-en.html,carm-en,other,robots,0,,4,4,1,0,0,0,0,0,0,,0,0,0.0,0,,
https://www.ups.com/us/en/support/international-tools-resources/ups-tradeability,support,support,ok,0,,4,4,1,1,0,1,0,1,1,,0,1,0.2,0,,
https://www.ups.com/us/en/business-solutions/business-shipping-tools/worldship/worldship-message-center,business-solutions,tool,ok,0,,3,4,2,1,0,1,0,1,1,,0,1,0.24,0,,
https://www.ups.com/us/en/business-solutions/business-shipping-tools/worldship/worldship-download,business-solutions,tool,ok,0,,3,4,2,1,0,1,0,1,1,,0,1,0.24,0,,
https://www.ups.com/us/en/supplychain/logistics-solutions/end-to-end-logistics,supplychain,product/service,http_error,1,1,5,7,1,1,0,0,0,1,0,,0,1,0.04,1,,
https://www.ups.com/us/en/business-solutions/expand-your-online-business/ups-digital-connections/partners,business-solutions,product/service,ok,0,,3,4,6,1,0,1,0,1,1,,0,0,0.65,0,yes,1.0
https://www.ups.com/us/en/business-solutions/grow-your-business-solutions/expand-internationally/regulatory-compliance/european-union-vat-reforms,business-solutions,product/service,ok,0,,3,3,1,1,0,1,0,1,1,,0,1,0.26,0,,
https://solutions.ups.com/manufacturing-ussp-page.html,manufacturing-ussp-page,other,robots,0,,3,4,4,0,0,0,0,0,0,,0,0,0.0,0,,
https://www.ups.com/us/en/customized-shipping-logistic-services/wholesale-logistics-services/inventory-visibility,customized-shipping-logistic-services,product/service,ok,0,,3,4,2,1,0,1,0,2,1,,0,0,0.53,0,yes,0.5
https://www.ups.com/us/en/customized-shipping-logistic-services/luxury-premium-goods-business-solutions/prevent-transit-damage,customized-shipping-logistic-services,product/service,ok,0,,3,4,5,1,0,1,0,1,1,,0,0,0.51,0,yes,1.0
https://solutions.ups.com/PrePeakSeasonPlanning-USSP.html,prepeakseasonplanning-ussp,other,robots,0,,3,4,2,0,0,0,0,0,0,,0,0,0.0,0,,
https://solutions.ups.com/rs/935-KKE-240/images/2025-09-Wholesaling-Infographic.pdf?version=2,rs,other,robots,0,,3,4,2,0,0,0,0,0,0,,0,0,0.0,0,,
https://solutions.ups.com/rs/935-KKE-240/images/why-timing-is-everything-infographic-us-en-2025-08.pdf?version=0,rs,other,robots,0,,3,4,9,0,0,0,0,0,0,,0,0,0.0,0,,
https://www.ups.com/us/en/customized-shipping-logistic-services/luxury-premium-goods-business-solutions/deliver-premium-experience-in-peak-and-beyond,customized-shipping-logistic-services,product/service,ok,0,,3,4,5,1,0,1,0,1,1,,0,1,0.46,0,yes,14.9
https://www.ups.com/us/en/customized-shipping-logistic-services/luxury-premium-goods-business-solutions/delivery-duty-paid-ddp,customized-shipping-logistic-services,product/service,ok,0,,3,4,4,1,0,1,0,1,1,,0,1,0.5,0,yes,4.0
https://www.ups.com/us/en/customized-shipping-logistic-services/luxury-premium-goods-business-solutions/eight-best-practices-for-safe-secure-package-delivery,customized-shipping-logistic-services,product/service,ok,0,,3,4,9,1,0,1,0,3,1,,0,1,0.4,0,yes,3.8
https://www.ups.com/us/en/customized-shipping-logistic-services/luxury-premium-goods-business-solutions/gen-z-buying-habits,customized-shipping-logistic-services,product/service,ok,0,,3,4,1,1,0,1,0,3,1,,0,0,0.51,0,yes,3.0
https://www.ups.com/us/en/customized-shipping-logistic-services/luxury-premium-goods-business-solutions/high-value-goods-transport,customized-shipping-logistic-services,product/service,ok,0,,3,4,2,1,0,1,0,1,1,,0,0,0.55,0,,
https://www.ups.com/us/en/customized-shipping-logistic-services/luxury-premium-goods-business-solutions/lean-inventory-management,customized-shipping-logistic-services,product/service,ok,0,,3,4,3,1,0,1,0,1,1,,0,0,0.59,0,yes,5.7
https://www.ups.com/us/en/customized-shipping-logistic-services/luxury-premium-goods-business-solutions/luxury-consumer-discretionary-spending,customized-shipping-logistic-services,product/service,ok,0,,3,4,3,1,0,1,0,2,1,,0,0,0.54,0,yes,1.8
https://www.ups.com/us/en/customized-shipping-logistic-services/luxury-premium-goods-business-solutions/post-purchase-experience,customized-shipping-logistic-services,product/service,ok,0,,3,4,1,1,0,1,0,2,1,,0,0,0.5,0,,
https://www.ups.com/us/en/customized-shipping-logistic-services/luxury-premium-goods-business-solutions/retail-consumer-trends,customized-shipping-logistic-services,product/service,ok,0,,3,4,1,1,0,1,0,1,1,,0,0,0.61,0,yes,2.0
https://www.ups.com/us/en/customized-shipping-logistic-services/luxury-premium-goods-business-solutions/reverse-logistics-sustainability-electronics,customized-shipping-logistic-services,corporate,ok,0,,3,4,1,1,0,1,0,1,1,,0,0,0.6,0,,
https://www.ups.com/us/en/customized-shipping-logistic-services/luxury-premium-goods-business-solutions/secure-logistics-high-value-goods,customized-shipping-logistic-services,product/service,ok,0,,3,4,1,1,0,1,0,1,1,,0,0,0.54,0,,
https://www.ups.com/us/en/customized-shipping-logistic-services/luxury-premium-goods-business-solutions/the-battle-for-authenticity-track-and-trace-vs-counterfeit-goods,customized-shipping-logistic-services,tool,ok,0,,3,4,4,1,0,1,0,1,1,,0,1,0.42,0,yes,3.9
https://www.ups.com/us/en/customized-shipping-logistic-services/luxury-premium-goods-business-solutions/urban-ambiance-trusts-ups,customized-shipping-logistic-services,product/service,ok,0,,3,4,1,1,0,1,0,1,1,,0,1,0.41,0,,
https://www.ups.com/us/en/customized-shipping-logistic-services/manufacturing-logistics-services/five-steps-for-a-future-ready-warehouse,customized-shipping-logistic-services,product/service,ok,0,,3,4,9,1,0,1,0,1,1,,0,1,0.47,0,yes,3.8
https://www.ups.com/us/en/customized-shipping-logistic-services/manufacturing-logistics-services/integrated-supply-chain-risk-management,customized-shipping-logistic-services,tool,ok,0,,3,4,1,1,0,1,0,1,1,,0,0,0.54,0,,
https://www.ups.com/us/en/customized-shipping-logistic-services/manufacturing-logistics-services/lean-manufacturing-process,customized-shipping-logistic-services,product/service,ok,0,,3,4,3,1,0,1,0,1,1,,0,1,0.5,0,,
https://www.ups.com/us/en/customized-shipping-logistic-services/manufacturing-logistics-services/lean-manufacturing-processes-reduce-freight,customized-shipping-logistic-services,product/service,ok,0,,3,4,1,1,0,1,0,1,1,,0,0,0.6,0,,
https://www.ups.com/us/en/customized-shipping-logistic-services/manufacturing-logistics-services/ltl-vs-ftl,customized-shipping-logistic-services,product/service,ok,0,,3,4,2,1,0,1,0,1,1,,0,0,0.6,0,,
https://www.ups.com/us/en/customized-shipping-logistic-services/manufacturing-logistics-services/manufacturing-production-planning,customized-shipping-logistic-services,product/service,ok,0,,3,4,2,1,0,1,0,1,1,,0,1,0.45,0,yes,1.0
https://www.ups.com/us/en/customized-shipping-logistic-services/manufacturing-logistics-services/reducing-downtime-through-logistics-planning,customized-shipping-logistic-services,product/service,ok,0,,3,4,7,1,0,1,0,1,1,,0,0,0.51,0,yes,3.8
https://www.ups.com/us/en/customized-shipping-logistic-services/manufacturing-logistics-services/sustainable-manufacturing,customized-shipping-logistic-services,corporate,ok,0,,3,4,2,1,0,1,0,1,1,,0,0,0.52,0,yes,1.3
https://www.ups.com/us/en/customized-shipping-logistic-services/manufacturing-logistics-services/sustainable-manufacturing-overcoming-challenges,customized-shipping-logistic-services,corporate,ok,0,,3,4,1,1,0,1,0,1,1,,0,0,0.55,0,yes,1.3
https://www.ups.com/us/en/customized-shipping-logistic-services/manufacturing-logistics-services/sustainable-manufacturing-reduce-costs-environmental-impact,customized-shipping-logistic-services,corporate,ok,0,,3,4,3,1,0,1,0,1,1,,0,0,0.56,0,yes,5.1
https://www.ups.com/us/en/customized-shipping-logistic-services/retail-store-shipping-logistic-solutions/faster-retail-fulfillment,customized-shipping-logistic-services,product/service,ok,0,,3,4,2,1,0,1,0,1,1,,0,0,0.59,0,,
https://www.ups.com/us/en/customized-shipping-logistic-services/retail-store-shipping-logistic-solutions/improve-retail-customer-satisfaction,customized-shipping-logistic-services,product/service,ok,0,,3,4,2,1,0,1,0,1,1,,0,0,0.54,0,yes,0.5
https://www.ups.com/us/en/customized-shipping-logistic-services/retail-store-shipping-logistic-solutions/micro-fulfillment-center,customized-shipping-logistic-services,product/service,ok,0,,3,4,3,1,0,1,0,1,1,,0,1,0.5,0,,
https://www.ups.com/us/en/customized-shipping-logistic-services/retail-store-shipping-logistic-solutions/prepare-for-peak-2026,customized-shipping-logistic-services,product/service,ok,0,,3,4,1,1,0,1,0,1,1,,0,1,0.39,0,,
https://www.ups.com/us/en/customized-shipping-logistic-services/retail-store-shipping-logistic-solutions/reducing-retail-return-fraud,customized-shipping-logistic-services,product/service,ok,0,,3,4,1,1,0,1,0,1,1,,0,0,0.57,0,yes,13.0
https://www.ups.com/us/en/customized-shipping-logistic-services/retail-store-shipping-logistic-solutions/retail-supply-chain-disruptions,customized-shipping-logistic-services,product/service,ok,0,,3,4,1,1,0,1,0,1,1,,0,1,0.4,0,yes,5.0
https://www.ups.com/us/en/customized-shipping-logistic-services/retail-store-shipping-logistic-solutions/warehouse-risk-assessment,customized-shipping-logistic-services,product/service,ok,0,,3,4,1,1,0,1,0,1,1,,0,0,0.6,0,,
https://www.ups.com/us/en/customized-shipping-logistic-services/urgent-documents-shipping-logistics/document-security-across-industries,customized-shipping-logistic-services,product/service,ok,0,,3,4,3,1,0,1,0,1,1,,0,1,0.47,0,yes,2.0
https://www.ups.com/us/en/customized-shipping-logistic-services/urgent-documents-shipping-logistics/improve-document-workflow,customized-shipping-logistic-services,product/service,ok,0,,3,4,2,1,0,1,0,1,1,,0,1,0.42,0,yes,2.0
https://www.ups.com/us/en/customized-shipping-logistic-services/urgent-documents-shipping-logistics/package-intercept-service,customized-shipping-logistic-services,product/service,ok,0,,3,4,1,1,0,1,0,1,1,,0,1,0.48,0,,
https://www.ups.com/us/en/customized-shipping-logistic-services/urgent-documents-shipping-logistics/risk-mitigation-in-shipping-urgent-documents,customized-shipping-logistic-services,product/service,ok,0,,3,4,1,1,0,1,0,1,1,,0,1,0.45,0,,
https://www.ups.com/us/en/customized-shipping-logistic-services/urgent-documents-shipping-logistics/securing-chain-of-custody,customized-shipping-logistic-services,product/service,ok,0,,3,4,3,1,0,1,0,1,1,,0,1,0.41,0,,
https://www.ups.com/us/en/customized-shipping-logistic-services/urgent-documents-shipping-logistics/time-sensitive-documents-delivery,customized-shipping-logistic-services,product/service,ok,0,,3,4,3,1,0,1,0,1,1,,0,1,0.49,0,yes,1.0
https://www.ups.com/us/en/customized-shipping-logistic-services/urgent-documents-shipping-logistics/urgent-document-delivery-service,customized-shipping-logistic-services,product/service,ok,0,,3,4,1,1,0,1,0,1,1,,0,1,0.49,0,,
https://www.ups.com/us/en/customized-shipping-logistic-services/urgent-documents-shipping-logistics/urgent-document-verification-secure-deliveries,customized-shipping-logistic-services,product/service,ok,0,,3,4,5,1,0,1,0,1,1,,0,1,0.42,0,yes,3.9
https://www.ups.com/us/en/customized-shipping-logistic-services/wholesale-logistics-services/avoid-delivery-disruptions,customized-shipping-logistic-services,product/service,ok,0,,3,4,1,1,0,1,0,1,1,,0,0,0.57,0,yes,1.0
https://www.ups.com/us/en/customized-shipping-logistic-services/wholesale-logistics-services/challenges-of-reverse-logistics,customized-shipping-logistic-services,product/service,ok,0,,3,4,1,1,0,1,0,2,1,,0,0,0.54,0,,
https://www.ups.com/us/en/customized-shipping-logistic-services/wholesale-logistics-services/construction-material-distribution,customized-shipping-logistic-services,product/service,ok,0,,3,4,2,1,0,1,0,1,1,,0,0,0.51,0,,
https://www.ups.com/us/en/customized-shipping-logistic-services/wholesale-logistics-services/demand-driven-supply-chain,customized-shipping-logistic-services,product/service,ok,0,,3,4,3,1,0,1,0,1,1,,0,0,0.57,0,,
https://www.ups.com/us/en/customized-shipping-logistic-services/wholesale-logistics-services/fuel-agility-and-profits-for-wholesalers,customized-shipping-logistic-services,product/service,ok,0,,3,4,4,1,0,1,0,1,1,,0,0,0.53,0,yes,0.1
https://www.ups.com/us/en/customized-shipping-logistic-services/wholesale-logistics-services/how-peak-technology-positions-wholesalers-for-success,customized-shipping-logistic-services,product/service,ok,0,,3,4,3,1,0,1,0,1,1,,0,1,0.47,0,yes,1.9
https://www.ups.com/us/en/customized-shipping-logistic-services/wholesale-logistics-services/how-wholesale-businesses-keep-and-grow-critical-connections,customized-shipping-logistic-services,product/service,ok,0,,3,4,9,1,1,1,1,1,1,,0,1,0.48,0,yes,0.1
https://www.ups.com/us/en/customized-shipping-logistic-services/wholesale-logistics-services/inventory-strategies,customized-shipping-logistic-services,tool,ok,0,,3,4,4,1,0,1,0,2,1,,0,1,0.44,0,,
https://www.ups.com/us/en/customized-shipping-logistic-services/wholesale-logistics-services/supply-chain-collaboration-strategies,customized-shipping-logistic-services,tool,ok,0,,3,4,2,1,0,1,0,1,1,,0,0,0.5,0,,
https://www.ups.com/us/en/customized-shipping-logistic-services/wholesale-logistics-services/the-real-reason-customers-remember-you,customized-shipping-logistic-services,product/service,ok,0,,3,4,8,1,0,1,0,3,1,,0,1,0.45,0,,
https://www.ups.com/us/en/customized-shipping-logistic-services/wholesale-logistics-services/wholesaling-services-demand-signals-smarter-forecasting,customized-shipping-logistic-services,product/service,ok,0,,3,4,4,1,0,1,0,1,1,,0,1,0.44,0,yes,0.1
https://www.ups.com/us/en/ups-roadie?msockid=17d8e6dda25567db33b8f36ea3c36614,ups-roadie,other,ok,0,,3,4,1,1,1,1,1,1,1,,0,1,0.39,0,,
https://solutions.ups.com/virtual-consultation-us-en-v4.html?A_2508=,virtual-consultation-us-en-v4,win,robots,0,,4,5,2,0,0,0,0,0,0,,0,0,0.0,0,,
https://www.ups.com/us/en/support/shipping-support/shipping-special-care-regulated-items/hazardous-materials-guide/shippers-responsibilities/coolants-and-refrigerants,support,support,ok,0,,3,4,3,1,0,1,0,1,1,,0,1,0.26,0,,
https://www.ups.com/us/en/support/shipping-support/print-shipping-labels/thermal-printing-of-labels,support,support,ok,0,,3,4,1,1,0,1,0,1,1,,0,1,0.22,0,,
https://www.ups.com/us/en/support/shipping-support/shipping-special-care-regulated-items/hazardous-materials-guide/biological-substances,support,support,ok,0,,3,4,2,1,0,1,0,1,1,,0,1,0.37,0,,
https://www.ups.com/us/en/business-solutions/expand-your-online-business/ups-digital-connections?msockid=0ebadec4f99f63c32b96cd6cf8ed626b,business-solutions,product/service,ok,0,,3,3,1,1,1,1,1,1,1,,0,1,0.21,0,,
https://about.ups.com/us/en/our-stories/customer-first/ups-film-project.html,our-stories,content,http_error,1,2,5,7,1,1,0,1,0,1,0,,0,1,0.39,0,,
https://about.ups.com/us/en/our-stories/customer-first/ups-nyfw-2023.html,our-stories,content,ok,0,,5,7,1,1,0,1,0,1,1,VideoList|VideoObject,1,1,0.41,0,,
https://www.ups.com/us/en/healthcare/news/press-releases/ups-premier-expansion,healthcare,content,ok,0,,4,6,9,1,0,1,0,1,1,,0,0,0.5,1,,
https://www.ups.com/us/en/shipping/international/services,shipping,product/service,http_error,1,1,5,6,3,1,0,0,0,1,0,,0,1,0.03,2,,
https://www.ups.com/us/en/healthcare/solutions/coldchainsolutions,healthcare,product/service,http_error,1,1,5,7,1,1,0,0,0,0,0,,0,1,0.05,1,,
https://about.ups.com/us/en/our-stories/customer-first/ups-passes-billion-vaccine-milestone.html,our-stories,content,http_error,1,2,4,6,2,0,0,0,0,0,0,,0,0,0.0,0,,
https://about.ups.com/us/en/newsroom/press-releases/financials/pr@ups.com,newsroom,content,http_error,1,2,5,8,1,1,0,1,0,1,0,,0,1,0.39,0,,
https://www.ups.com/us/en/home?campaign_id=BOILERPLATE_PRESSRELEASE_END_UPSCOM_100220,(home),home,ok,0,,5,5,10,1,1,1,1,0,1,,0,0,0.93,1,,
https://about.ups.com/us/en/our-stories/customer-first/eco-friendly-paint-company-kalklitir-brings-color-to-the-world-w.html,our-stories,content,ok,0,,5,5,1,1,0,1,0,1,1,,0,1,0.49,0,,
https://about.ups.com/us/en/newsroom/negotiations.html,newsroom,content,ok,0,,5,6,16,1,0,1,0,1,1,,0,1,0.41,0,,
https://about.ups.com/us/en/newsroom/negotiations/news-on-the-2023-ups-labor-negotiations.html,newsroom,content,ok,0,,5,6,13,1,0,1,0,0,1,,0,1,0.34,0,,
https://about.ups.com/us/en/our-stories/customer-first/artist-stevie-shao-illustrates-her-asian-american-heritage.html,our-stories,tool,ok,0,,5,8,1,1,0,1,0,1,1,VideoList|VideoObject,1,1,0.38,0,,
https://about.ups.com/us/en/our-stories/customer-first/ups-reimagines-warehouse-space-and-spurs-growth-for-small-busine.html,our-stories,content,ok,0,,4,5,3,1,0,1,0,1,1,,0,1,0.39,0,,
https://about.ups.com/us/en/our-company/great-employer/learning-to-expect-the-unexpected-keeps-ups-drivers-safe-on-the-.html,our-company,other,ok,0,,4,5,1,1,0,1,0,1,1,,0,1,0.48,0,,
https://about.ups.com/us/en/our-company/great-employer/safety-training-prepares-brea-jackson-carter-for-a-long-and-succ.html,our-company,other,ok,0,,4,5,1,1,0,1,0,1,1,,0,1,0.47,0,,
https://about.ups.com/us/en/our-stories/people-led/meet-cal-murray.html,our-stories,content,ok,0,,4,5,1,1,0,1,0,1,1,,0,1,0.47,0,,
https://about.ups.com/us/en/newsroom/negotiations/negotiations-basics/the-bargaining-process.html,newsroom,content,ok,0,,5,8,2,1,0,1,0,0,1,,0,0,0.54,0,,
https://about.ups.com/upsstories/us/en/about-us/leadership.html,upsstories,content,http_error,1,2,5,8,1,1,0,1,0,1,0,,0,1,0.39,0,,
https://about.ups.com/us/en/our-company/great-employer/jobs-and-opportunity-report.html,our-company,content,ok,0,,5,6,10,1,0,1,0,1,1,,0,0,0.79,0,,
https://about.ups.com/us/en/newsroom/negotiations/get-the-facts.html,newsroom,content,http_error,1,3,5,7,2,1,0,1,0,1,0,,0,1,0.39,0,,
https://about.ups.com/us/en/our-company/great-employer/how-miriam-arnero-became-a-model-for-safety-and-excellence-20-ye.html,our-company,other,ok,0,,5,6,1,1,0,1,0,1,1,VideoList|VideoObject,1,1,0.41,0,,
https://about.ups.com/us/en/our-company/great-employer/one-mom-s-amazing-journey-at-ups.html,our-company,other,ok,0,,5,6,1,1,0,1,0,1,1,,0,1,0.43,0,,
https://about.ups.com/us/en/our-company/great-employer/stay-at-home-mom-starts-rolling-with-ups.html,our-company,other,ok,0,,5,6,1,1,0,1,0,1,1,,0,1,0.46,0,,
https://about.ups.com/us/en/our-company/great-employer/frank-luscher-s-new-career-arrived-with-perfect-timing.html,our-company,corporate,ok,0,,5,6,1,1,0,1,0,1,1,,0,1,0.45,0,,
https://about.ups.com/us/en/our-company/great-employer/ups-driver-giap-nguyen-proudly-embodies-resilience-and-resolve.html,our-company,other,ok,0,,5,6,1,1,0,1,0,1,1,,0,1,0.45,0,,
https://about.ups.com/us/en/our-company/great-employer/job-flexibility-with-ups-helps-part-time-package-handler.html,our-company,support,ok,0,,5,6,1,1,0,1,0,1,1,VideoList|VideoObject,1,1,0.41,0,,
https://about.ups.com/us/en/our-company/great-employer/part-time-package-handler-provides-for-family-of-five-with-ups-b.html,our-company,other,ok,0,,5,6,1,1,0,1,0,1,1,VideoList|VideoObject,1,1,0.34,0,,
https://about.ups.com/us/en/our-company/great-employer/ups-employee-steve-garcia-showcases-punk-passion.html,our-company,other,ok,0,,5,6,2,1,0,1,0,1,1,VideoList|VideoObject,1,1,0.39,0,,
https://about.ups.com/us/en/our-impact/community/big-brown-stuffs-big-yellow-buses-for-charity.html,our-impact,other,ok,0,,5,7,1,1,0,1,0,1,1,,0,1,0.43,0,,
https://www.ups.com/us/en/shipping/zones-and-rates/small-business-rates,shipping,tool,ok,0,,5,6,1,1,0,1,0,1,1,,0,1,0.11,0,,
https://www.ups.com/us/en/support/shipping-support/shipping-special-care-regulated-items/hazardous-materials-guide/49-cfr-shipping-examples/air-fully-regulated,support,support,ok,0,,4,4,1,1,0,1,0,1,1,,0,1,0.17,0,,
https://www.ups.com/us/en/support/shipping-support/shipping-special-care-regulated-items/hazardous-materials-guide/49-cfr-shipping-examples/air-limited,support,support,ok,0,,4,4,1,1,0,1,0,1,1,,0,1,0.18,0,,
https://www.ups.com/us/en/support/shipping-support/shipping-special-care-regulated-items/hazardous-materials-guide/49-cfr-shipping-examples/ground-fully-regulated,support,support,ok,0,,4,4,1,1,0,1,0,1,1,,0,1,0.15,0,,
https://www.ups.com/us/en/support/shipping-support/shipping-special-care-regulated-items/hazardous-materials-guide/49-cfr-shipping-examples/ground-limited,support,support,ok,0,,4,4,3,1,0,1,0,1,1,,0,1,0.19,0,,
https://www.ups.com/us/en/support/shipping-support/shipping-special-care-regulated-items/hazardous-materials-guide/49-cfr-shipping-examples/ground-orm-d,support,support,ok,0,,4,4,1,1,0,1,0,1,1,,0,1,0.06,0,,
https://www.ups.com/us/en/support/shipping-support/shipping-special-care-regulated-items/hazardous-materials-guide/49-cfr-shipping-examples/id8000-consumer-commodity,support,support,ok,0,,4,4,1,1,0,1,0,1,1,,0,1,0.07,0,,
https://www.ups.com/us/en/support/shipping-support/shipping-special-care-regulated-items/hazardous-materials-guide/49-cfr-shipping-examples/provisions,support,support,ok,0,,4,4,1,1,0,1,0,1,1,,0,1,0.12,0,,
https://www.ups.com/us/en/support/shipping-support/shipping-special-care-regulated-items/hazardous-materials-guide/49-cfr-shipping-examples/small-excepted-quantity,support,support,ok,0,,4,4,1,1,0,1,0,1,1,,0,1,0.08,0,,
https://www.ups.com/us/en/support/shipping-support/shipping-special-care-regulated-items/hazardous-materials-guide/hazardous-material-service-definition/approved-country-list,support,support,ok,0,,4,4,3,1,0,1,0,1,1,,0,1,0.07,0,,
https://www.ups.com/us/en/support/shipping-support/shipping-special-care-regulated-items/hazardous-materials-guide/shippers-responsibilities/dangerous-goods-declaration,support,support,ok,0,,4,4,4,1,0,1,0,1,1,,0,1,0.28,0,,
https://www.ups.com/us/en/support/shipping-support/shipping-special-care-regulated-items/hazardous-materials-guide/shippers-responsibilities/dot-special-permit-packaging,support,support,ok,0,,4,4,3,1,0,1,0,1,1,,0,1,0.23,0,,
https://www.ups.com/us/en/support/shipping-support/shipping-special-care-regulated-items/hazardous-materials-guide/shippers-responsibilities/49-cfr,support,support,ok,0,,4,4,5,1,0,1,0,1,1,,0,1,0.28,0,,
https://www.ups.com/us/en/support/shipping-support/shipping-special-care-regulated-items/hazardous-materials-guide/shippers-responsibilities/classification,support,support,ok,0,,4,4,3,1,0,1,0,1,1,,0,1,0.18,0,,
https://www.ups.com/us/en/support/shipping-support/shipping-special-care-regulated-items/hazardous-materials-guide/shippers-responsibilities/contract-shipping,support,support,ok,0,,4,4,1,1,0,1,0,1,1,,0,1,0.14,0,,
https://www.ups.com/us/en/support/shipping-support/shipping-special-care-regulated-items/hazardous-materials-guide/shippers-responsibilities/description,support,support,ok,0,,4,4,3,1,0,1,0,1,1,,0,1,0.16,0,,
https://www.ups.com/us/en/support/shipping-support/shipping-special-care-regulated-items/hazardous-materials-guide/shippers-responsibilities/documentation-and-certification,support,support,ok,0,,4,4,3,1,0,1,0,1,1,,0,1,0.13,0,,
https://www.ups.com/us/en/support/shipping-support/shipping-special-care-regulated-items/hazardous-materials-guide/shippers-responsibilities/general-requirements,support,support,ok,0,,4,4,1,1,0,1,0,1,1,,0,1,0.09,0,,
https://www.ups.com/us/en/support/shipping-support/shipping-special-care-regulated-items/hazardous-materials-guide/shippers-responsibilities/hazardous-materials-packaging-regulations,support,support,ok,0,,4,4,3,1,0,1,0,1,1,,0,1,0.28,0,,
https://www.ups.com/us/en/support/shipping-support/shipping-special-care-regulated-items/hazardous-materials-guide/shippers-responsibilities/labeling,support,support,ok,0,,4,4,3,1,0,1,0,1,1,,0,1,0.24,0,,
https://www.ups.com/us/en/support/shipping-support/shipping-special-care-regulated-items/hazardous-materials-guide/shippers-responsibilities/marking,support,support,ok,0,,4,4,3,1,0,1,0,1,1,,0,1,0.13,0,,
https://www.ups.com/us/en/support/shipping-support/shipping-special-care-regulated-items/hazardous-materials-guide/shippers-responsibilities/required-training,support,support,ok,0,,4,4,1,1,0,1,0,1,1,,0,1,0.19,0,,
https://www.ups.com/us/en/support/shipping-support/shipping-special-care-regulated-items/hazardous-materials-guide/shippers-responsibilities/shipping-systems-for-hazardous-materials,support,support,ok,0,,4,4,1,1,0,1,0,1,1,,0,1,0.13,0,,
https://www.ups.com/us/en/healthcare/news/press-releases/ups-premier-brazil-expansion?msockid=06ab867f465d672c3cea924b477466f6,healthcare,content,ok,0,,4,7,1,1,1,1,1,1,1,,0,0,0.53,0,,
https://www.ups.com/us/en/healthcare/news/press-releases/global-crossdocking-facilities-launch,healthcare,content,ok,0,,4,7,2,1,0,1,0,1,1,,0,0,0.51,0,,
https://www.ups.com/us/en/healthcare/learning-center/articles/veterinary-logistics,healthcare,content,ok,0,,5,8,1,1,0,1,0,1,1,,0,1,0.43,0,,
https://www.ups.com/us/en/healthcare/news/press-releases/ups-healthcare-achieve-ceiv-certifications,healthcare,content,ok,0,,4,6,6,1,0,1,0,1,1,,0,1,0.48,0,,
https://www.ups.com/us/en/healthcare/learning-center/video-list,healthcare,other,ok,0,,5,6,1,1,0,1,0,1,1,,0,1,0.37,0,,
https://www.ups.com/us/en/healthcare/news/press-releases/ups-completes-acquisition-of-bomi-group,healthcare,content,ok,0,,4,7,7,1,0,1,0,1,1,,0,0,0.54,0,,
https://www.ups.com/us/en/healthcare/news/press-releases/ups-pickup-points-launch-in-europe,healthcare,content,ok,0,,4,7,5,1,0,1,0,1,1,,0,0,0.51,0,,
https://www.ups.com/us/en/healthcare/news/press-releases/blonie-hub-expansion,healthcare,content,ok,0,,4,8,7,1,0,1,0,1,1,,0,0,0.52,0,,
https://www.ups.com/us/en/healthcare/news/press-releases/bomi-group-to-acquire-transport-chabas-sante,healthcare,content,ok,0,,4,8,4,1,0,1,0,1,1,,0,1,0.49,0,,
https://www.ups.com/us/en/healthcare/news/press-releases/capabilities-global-expansion,healthcare,content,ok,0,,4,7,9,1,0,1,0,1,1,,0,0,0.55,0,,
https://www.ups.com/us/en/healthcare/news/press-releases/global-expansion-key-markets,healthcare,content,ok,0,,4,8,1,1,0,1,0,1,1,,0,0,0.52,0,,
https://www.ups.com/us/en/healthcare/news/press-releases/iata-ceiv-pharma-freight-forwarding-certification,healthcare,content,ok,0,,4,8,1,1,0,1,0,1,1,,0,0,0.6,0,,
https://www.ups.com/us/en/healthcare/news/press-releases/investment-personalized-medicine,healthcare,content,ok,0,,4,8,1,1,0,1,0,1,1,,0,0,0.53,0,,
https://www.ups.com/us/en/healthcare/news/press-releases/marken-acquires-cedra-express,healthcare,content,ok,0,,4,8,4,1,0,1,0,1,1,,0,1,0.47,0,,
https://www.ups.com/us/en/healthcare/news/press-releases/medical-drone-service-california,healthcare,content,ok,0,,4,8,1,1,0,1,0,1,1,,0,0,0.52,0,,
https://www.ups.com/us/en/healthcare/news/press-releases/novavax-vaccine-distribution,healthcare,content,ok,0,,4,7,4,1,0,1,0,1,1,,0,0,0.69,0,,
https://www.ups.com/us/en/healthcare/news/press-releases/singapore-supply-chain-enhancements,healthcare,content,ok,0,,4,8,2,1,0,1,0,1,1,,0,0,0.55,0,,
https://www.ups.com/us/en/healthcare/news/press-releases/symphony-for-ups-healthcare,healthcare,content,ok,0,,4,7,4,1,0,1,0,1,1,,0,0,0.53,0,,
https://www.ups.com/us/en/healthcare/news/press-releases/ups-acquires-andlauer-healthcare,healthcare,content,ok,0,,4,8,1,1,0,1,0,1,1,,0,1,0.46,0,,
https://www.ups.com/us/en/healthcare/news/press-releases/ups-acquires-bomi,healthcare,content,ok,0,,4,8,2,1,0,1,0,1,1,,0,0,0.73,0,,
https://www.ups.com/us/en/healthcare/news/press-releases/ups-agrees-to-acquire-frigo-trans-bpl,healthcare,content,ok,0,,4,8,1,1,0,1,0,1,1,,0,0,0.53,0,,
https://www.ups.com/us/en/healthcare/news/press-releases/ups-completes-acquisition-mnx-global-logistics,healthcare,content,ok,0,,4,7,6,1,0,1,0,1,1,,0,0,0.53,0,,
https://www.ups.com/us/en/healthcare/news/press-releases/ups-healthcare-accelerates-cold-chain-capabilities,healthcare,tool,ok,0,,4,6,10,1,0,1,0,1,1,,0,0,0.59,0,,
https://www.ups.com/us/en/healthcare/news/press-releases/ups-healthcare-announces-ups-premier,healthcare,content,ok,0,,4,7,3,1,0,1,0,1,1,,0,1,0.5,0,,
https://www.ups.com/us/en/healthcare/news/press-releases/ups-healthcare-european-service-expansion,healthcare,content,ok,0,,4,6,8,1,0,1,0,1,1,,0,0,0.53,0,,
https://www.ups.com/us/en/healthcare/news/press-releases/ups-healthcare-invests-in-eu-cold-chain-fleet,healthcare,content,ok,0,,4,6,6,1,0,1,0,1,1,,0,0,0.52,0,,
https://www.ups.com/us/en/healthcare/news/press-releases/ups-healthcare-new-rome-facility,healthcare,content,ok,0,,4,7,4,1,0,1,0,1,1,,0,0,0.51,0,,
https://www.ups.com/us/en/healthcare/news/press-releases/ups-premier-brazil-expansion,healthcare,content,ok,0,,4,6,3,1,1,1,1,1,1,,0,0,0.53,0,,
https://www.ups.com/us/en/healthcare/news/press-releases/ups-premier-expands-across-india,healthcare,content,ok,0,,4,8,3,1,0,1,0,1,1,,0,0,0.58,0,,
https://www.ups.com/us/en/healthcare/news/press-releases/ups-singapore-facility,healthcare,content,ok,0,,4,8,9,1,0,1,0,1,1,,0,0,0.53,0,,
https://www.ups.com/us/en/healthcare/news/press-releases/ups-to-acquire-frigo-trans,healthcare,content,ok,0,,4,6,8,1,0,1,0,1,1,,0,0,0.6,0,,
https://www.ups.com/us/en/healthcare/news/press-releases/vaccine-distribution-support,healthcare,support,ok,0,,4,8,1,1,0,1,0,1,1,,0,1,0.49,0,,
https://www.ups.com/us/en/healthcare/news/press-releases/vaccines-asia-covid-19-indonesia,healthcare,content,ok,0,,4,6,5,1,0,1,0,1,1,,0,1,0.5,0,,
https://www.ups.com/us/en/healthcare/learning-center/videos/ups-healthcare-solutions-medical-devices,healthcare,product/service,ok,0,,5,6,6,1,0,1,0,1,1,,0,1,0.24,0,,
https://www.ups.com/us/en/healthcare/learning-center/videos/ups-lab-specimen-logistics,healthcare,product/service,ok,0,,5,6,6,1,0,1,0,1,1,,0,1,0.31,0,,
https://www.ups.com/us/en/healthcare/learning-center/videos/ups-premier,healthcare,other,ok,0,,5,6,6,1,0,1,0,1,1,,0,1,0.23,0,,
https://solutions.ups.com/SBR-signup-ussp-page.html,sbr-signup-ussp-page,other,robots,0,,4,5,2,0,0,0,0,0,0,,0,0,0.0,0,,
https://www.ups.com/us/en/business-solutions/grow-your-business-solutions/manage-cash-flows,business-solutions,product/service,ok,0,,4,5,2,1,0,1,0,1,1,,0,1,0.24,0,,
https://solutions.ups.com/speed-and-smarts-ussp-page.html,speed-and-smarts-ussp-page,other,robots,0,,4,5,2,0,0,0,0,0,0,,0,0,0.0,0,,
https://solutions.ups.com/circular-economy-ussp-page.html,circular-economy-ussp-page,other,robots,0,,4,5,4,0,0,0,0,0,0,,0,0,0.0,0,,
https://solutions.ups.com/virtual-consultation-us-en-v4.html?A_2608=,virtual-consultation-us-en-v4,win,robots,0,,4,5,1,0,0,0,0,0,0,,0,0,0.0,0,,
https://www.ups.com/us/en/business-solutions/consulting-services?msockid=2950344df93e60563b97223bf8d4616e,business-solutions,product/service,ok,0,,4,5,1,1,1,1,1,1,1,,0,1,0.31,0,,
https://solutions.ups.com/FreightTrends-USSP.html,freighttrends-ussp,product/service,robots,0,,4,5,2,0,0,0,0,0,0,,0,0,0.0,0,,
https://solutions.ups.com/SBR-video-ussp-page.html,sbr-video-ussp-page,other,robots,0,,4,5,1,0,0,0,0,0,0,,0,0,0.0,0,,
https://solutions.ups.com/sbr-signup-ussp-page.html,sbr-signup-ussp-page,other,robots,0,,4,5,1,0,0,0,0,0,0,,0,0,0.0,0,,
https://www.ups.com/us/en/track/ups-my-choice?gad_campaignid=2047052578&gad_source=1&gbraid=0AAAAADN1Fa1nQXeG1OrYsT0-v-oaCib7Y&gclsrc=aw.ds,,,ok,0,,,,,1,1,1,1,1,1,Answer|FAQPage|Question,1,1,0.48,0,,
https://www.ups.com/us/en/customized-shipping-logistic-services/wholesale-logistics-services/how-wholesale-businesses-keep-and-grow-critical-connections?gad_source=7&gclsrc=3p.ds&msclkid=f4dbcb08faab1fd14b11a38e77554c5d,,,ok,0,,,,,1,1,1,1,1,1,,0,1,0.48,0,,
https://about.ups.com/us/en/social-impact/environment/sustainable-services/2022-ups-sustainability-report-.html,social-impact,content,http_error,1,2,6,6,1,1,0,1,0,1,0,,0,1,0.39,0,,
https://about.ups.com/us/en/newsroom/negotiations/industry-overview.html,newsroom,content,ok,0,,6,7,6,1,0,1,0,1,1,,0,0,0.53,0,,
https://about.ups.com/us/en/newsroom/negotiations/ups-teamsters-vote-to-overwhelming-ratify-national-master-agreem.html,newsroom,content,ok,0,,6,7,3,1,0,1,0,1,1,,0,1,0.43,0,,
https://about.ups.com/us/en/newsroom/negotiations/media-fast-facts.html,newsroom,content,ok,0,,6,7,5,1,0,1,0,1,1,,0,0,0.57,0,,
https://about.ups.com/us/en/newsroom/negotiations/negotiations-basics.html,newsroom,content,ok,0,,6,7,4,1,0,1,0,0,1,,0,1,0.48,0,,
https://about.ups.com/us/en/our-company/great-employer/how-one-father-turned-ups-into-a-family-tradition.html,our-company,other,ok,0,,5,6,1,1,0,1,0,1,1,,0,1,0.46,0,,
https://about.ups.com/us/en/our-company/great-employer/mother-recruits-all-nine-of-her-children-to-ups.html,our-company,other,ok,0,,5,6,2,1,0,1,0,1,1,,0,1,0.45,0,,
https://about.ups.com/us/en/our-company/great-employer/texas-sized-careers.html,our-company,corporate,ok,0,,6,7,1,1,0,1,0,1,1,,0,1,0.4,0,,
https://about.ups.com/us/en/our-company/great-employer/third-generation-ups-driver-earns-safety-award.html,our-company,other,ok,0,,6,7,2,1,0,1,0,1,1,,0,1,0.5,0,,
https://about.ups.com/us/en/our-stories/customer-first/circle-of-honor-class-of-2021.html,our-stories,content,ok,0,,6,7,2,1,0,1,0,1,1,,0,0,0.55,0,,
https://about.ups.com/us/en/our-stories/people-led/seasonal-role-turns-into-a-career.html,our-stories,content,ok,0,,6,7,1,1,0,1,0,1,1,,0,1,0.44,0,,
https://about.ups.com/us/en/our-stories/people-led/ups-family-of-3-focus-on-safety-.html,our-stories,content,ok,0,,6,7,2,1,0,1,0,1,1,VideoList|VideoObject,1,1,0.37,0,,
https://about.ups.com/us/en/our-stories/people-led/ups-takes-care-of-employees.html,our-stories,content,ok,0,,6,7,1,1,0,1,0,1,1,,0,1,0.44,0,,
https://about.ups.com/us/en/newsroom/press-releases/innovation-driven/ups-to-enhance-orion-with-continuous-delivery-route-optimization.html,newsroom,content,http_error,1,2,6,7,1,1,0,1,0,1,0,,0,1,0.39,0,,
https://about.ups.com/us/en/social-impact.html,social-impact,other,http_error,1,2,6,8,1,1,0,1,0,1,0,,0,1,0.39,0,,
https://www.ups.com/us/en/healthcare/learning-center/videos/from-you-to-we-to-them,healthcare,other,ok,0,,6,7,1,1,0,1,0,1,1,,0,1,0.21,0,,
https://www.ups.com/us/en/healthcare/learning-center/videos/ups-cold-chain-solutions-at-work,healthcare,product/service,ok,0,,6,7,3,1,0,1,0,1,1,,0,1,0.22,0,,
https://www.ups.com/us/en/healthcare/news/press-releases/germany-dedicated-facility,healthcare,content,ok,0,,5,8,4,1,0,1,0,1,1,,0,0,0.52,0,,
https://about.ups.com/us/en/our-company/great-employer/real-employee-benefits.html,our-company,other,ok,0,,7,8,1,1,0,1,0,1,1,,0,1,0.42,0,,
https://about.ups.com/us/en/our-company/great-employer/ups-jobs---opportunity-report-top-takeaways.html,our-company,content,ok,0,,7,8,1,1,0,1,0,1,1,,0,0,0.5,0,,
https://about.ups.com/us/en/newsroom/negotiations/negotiations-basics/ups-and-the-teamsters.html,newsroom,content,ok,0,,7,8,1,1,0,1,0,0,1,,0,1,0.5,0,,
https://about.ups.com/us/en/newsroom/negotiations/negotiations-basics/working-at-ups.html,newsroom,content,ok,0,,7,8,1,1,0,1,0,1,1,,0,0,0.58,0,,
https://about.ups.com/us/en/thank-a-ups-hero/thank-a-ups-hero---region-selection.html,thank-a-ups-hero,other,ok,0,,7,8,1,1,0,1,0,0,1,,0,1,0.41,0,,
